﻿<?xml version="1.0" encoding="utf-8"?>
<TextureAtlas imagePath="TimFNFGunThrow.png">
	<!-- Created with Adobe Animate version 21.0.9.42677 -->
	<!-- http://www.adobe.com/products/animate.html -->
	<SubTexture name="TimGunThrowAnimation0000" x="0" y="0" width="568" height="515" frameX="-20" frameY="-271" frameWidth="764" frameHeight="796"/>
	<SubTexture name="TimGunThrowAnimation0001" x="0" y="0" width="568" height="515" frameX="-20" frameY="-271" frameWidth="764" frameHeight="796"/>
	<SubTexture name="TimGunThrowAnimation0002" x="568" y="0" width="569" height="512" frameX="-23" frameY="-273" frameWidth="764" frameHeight="796"/>
	<SubTexture name="TimGunThrowAnimation0003" x="568" y="0" width="569" height="512" frameX="-23" frameY="-273" frameWidth="764" frameHeight="796"/>
	<SubTexture name="TimGunThrowAnimation0004" x="0" y="0" width="568" height="515" frameX="-20" frameY="-271" frameWidth="764" frameHeight="796"/>
	<SubTexture name="TimGunThrowAnimation0005" x="1137" y="0" width="569" height="535" frameX="-15" frameY="-254" frameWidth="764" frameHeight="796"/>
	<SubTexture name="TimGunThrowAnimation0006" x="1706" y="0" width="562" height="541" frameX="-12" frameY="-252" frameWidth="764" frameHeight="796"/>
	<SubTexture name="TimGunThrowAnimation0007" x="2268" y="0" width="563" height="541" frameX="-12" frameY="-252" frameWidth="764" frameHeight="796"/>
	<SubTexture name="TimGunThrowAnimation0008" x="2268" y="0" width="563" height="541" frameX="-12" frameY="-252" frameWidth="764" frameHeight="796"/>
	<SubTexture name="TimGunThrowAnimation0009" x="2831" y="0" width="555" height="545" frameX="-7" frameY="-249" frameWidth="764" frameHeight="796"/>
	<SubTexture name="TimGunThrowAnimation0010" x="3386" y="0" width="538" height="545" frameX="-7" frameY="-249" frameWidth="764" frameHeight="796"/>
	<SubTexture name="TimGunThrowAnimation0011" x="0" y="545" width="528" height="545" frameX="-7" frameY="-249" frameWidth="764" frameHeight="796"/>
	<SubTexture name="TimGunThrowAnimation0012" x="0" y="545" width="528" height="545" frameX="-7" frameY="-249" frameWidth="764" frameHeight="796"/>
	<SubTexture name="TimGunThrowAnimation0013" x="0" y="545" width="528" height="545" frameX="-7" frameY="-249" frameWidth="764" frameHeight="796"/>
	<SubTexture name="TimGunThrowAnimation0014" x="528" y="545" width="528" height="545" frameX="-7" frameY="-249" frameWidth="764" frameHeight="796"/>
	<SubTexture name="TimGunThrowAnimation0015" x="1056" y="545" width="528" height="545" frameX="-7" frameY="-249" frameWidth="764" frameHeight="796"/>
	<SubTexture name="TimGunThrowAnimation0016" x="1584" y="545" width="528" height="545" frameX="-7" frameY="-249" frameWidth="764" frameHeight="796"/>
	<SubTexture name="TimGunThrowAnimation0017" x="2112" y="545" width="537" height="545" frameX="-7" frameY="-249" frameWidth="764" frameHeight="796"/>
	<SubTexture name="TimGunThrowAnimation0018" x="2649" y="545" width="542" height="794" frameX="-18" frameY="0" frameWidth="764" frameHeight="796"/>
	<SubTexture name="TimGunThrowAnimation0019" x="3191" y="545" width="676" height="733" frameX="0" frameY="-62" frameWidth="764" frameHeight="796"/>
	<SubTexture name="TimGunThrowAnimation0020" x="0" y="1339" width="738" height="609" frameX="-26" frameY="-184" frameWidth="764" frameHeight="796"/>
	<SubTexture name="TimGunThrowAnimation0021" x="738" y="1339" width="668" height="519" frameX="-43" frameY="-274" frameWidth="764" frameHeight="796"/>
	<SubTexture name="TimGunThrowAnimation0022" x="1406" y="1339" width="716" height="509" frameX="-43" frameY="-287" frameWidth="764" frameHeight="796"/>
	<SubTexture name="TimGunThrowAnimation0023" x="2122" y="1339" width="716" height="506" frameX="-43" frameY="-290" frameWidth="764" frameHeight="796"/>
	<SubTexture name="TimGunThrowAnimation0024" x="2838" y="1339" width="719" height="502" frameX="-43" frameY="-293" frameWidth="764" frameHeight="796"/>
	<SubTexture name="TimGunThrowAnimation0025" x="2838" y="1339" width="719" height="502" frameX="-43" frameY="-293" frameWidth="764" frameHeight="796"/>
	<SubTexture name="TimGunThrowAnimation0026" x="0" y="1948" width="712" height="509" frameX="-43" frameY="-287" frameWidth="764" frameHeight="796"/>
	<SubTexture name="TimGunThrowAnimation0027" x="0" y="1948" width="712" height="509" frameX="-43" frameY="-287" frameWidth="764" frameHeight="796"/>
	<SubTexture name="TimGunThrowAnimation0028" x="0" y="1948" width="712" height="509" frameX="-43" frameY="-287" frameWidth="764" frameHeight="796"/>
	<SubTexture name="TimGunThrowAnimation0029" x="0" y="1948" width="712" height="509" frameX="-43" frameY="-287" frameWidth="764" frameHeight="796"/>
	<SubTexture name="TimGunThrowAnimation0030" x="0" y="1948" width="712" height="509" frameX="-43" frameY="-287" frameWidth="764" frameHeight="796"/>
	<SubTexture name="TimGunThrowAnimation0031" x="0" y="1948" width="712" height="509" frameX="-43" frameY="-287" frameWidth="764" frameHeight="796"/>
	<SubTexture name="TimGunThrowAnimation0032" x="0" y="1948" width="712" height="509" frameX="-43" frameY="-287" frameWidth="764" frameHeight="796"/>
	<SubTexture name="TimGunThrowAnimation0033" x="0" y="1948" width="712" height="509" frameX="-43" frameY="-287" frameWidth="764" frameHeight="796"/>
	<SubTexture name="TimGunThrowAnimation0034" x="712" y="1948" width="712" height="510" frameX="-43" frameY="-286" frameWidth="764" frameHeight="796"/>
	<SubTexture name="TimGunThrowAnimation0035" x="712" y="1948" width="712" height="510" frameX="-43" frameY="-286" frameWidth="764" frameHeight="796"/>
	<SubTexture name="TimGunThrowAnimation0036" x="1424" y="1948" width="712" height="510" frameX="-43" frameY="-286" frameWidth="764" frameHeight="796"/>
	<SubTexture name="TimGunThrowAnimation0037" x="1424" y="1948" width="712" height="510" frameX="-43" frameY="-286" frameWidth="764" frameHeight="796"/>
	<SubTexture name="TimGunThrowAnimation0038" x="2136" y="1948" width="712" height="509" frameX="-43" frameY="-287" frameWidth="764" frameHeight="796"/>
	<SubTexture name="TimGunThrowAnimation0039" x="2848" y="1948" width="712" height="509" frameX="-43" frameY="-287" frameWidth="764" frameHeight="796"/>
</TextureAtlas>
