﻿<?xml version="1.0" encoding="utf-8"?>
<TextureAtlas imagePath="TimGunFNF.png">
	<!-- Created with Adobe Animate version 21.0.9.42677 -->
	<!-- http://www.adobe.com/products/animate.html -->
	<SubTexture name="TimDownNoteGun0000" x="0" y="0" width="637" height="498" frameX="-56" frameY="0" frameWidth="713" frameHeight="551"/>
	<SubTexture name="TimDownNoteGun0001" x="0" y="0" width="637" height="498" frameX="-56" frameY="0" frameWidth="713" frameHeight="551"/>
	<SubTexture name="TimDownNoteGun0002" x="637" y="0" width="698" height="496" frameX="-15" frameY="-2" frameWidth="713" frameHeight="551"/>
	<SubTexture name="TimDownNoteGun0003" x="1335" y="0" width="687" height="511" frameX="-7" frameY="-2" frameWidth="713" frameHeight="551"/>
	<SubTexture name="TimDownNoteGun0004" x="2022" y="0" width="671" height="545" frameX="0" frameY="-6" frameWidth="713" frameHeight="551"/>
	<SubTexture name="TimDownNoteGun0005" x="2693" y="0" width="671" height="545" frameX="0" frameY="-6" frameWidth="713" frameHeight="551"/>
	<SubTexture name="TimDownNoteGun0006" x="3364" y="0" width="687" height="511" frameX="-7" frameY="-2" frameWidth="713" frameHeight="551"/>
	<SubTexture name="TimDownNoteGun0007" x="3364" y="0" width="687" height="511" frameX="-7" frameY="-2" frameWidth="713" frameHeight="551"/>
	<SubTexture name="TimDownNoteGun0008" x="3364" y="0" width="687" height="511" frameX="-7" frameY="-2" frameWidth="713" frameHeight="551"/>
	<SubTexture name="TimDownNoteGun0009" x="3364" y="0" width="687" height="511" frameX="-7" frameY="-2" frameWidth="713" frameHeight="551"/>
	<SubTexture name="TimDownNoteGun0010" x="3364" y="0" width="687" height="511" frameX="-7" frameY="-2" frameWidth="713" frameHeight="551"/>
	<SubTexture name="TimDownNoteGun0011" x="3364" y="0" width="687" height="511" frameX="-7" frameY="-2" frameWidth="713" frameHeight="551"/>
	<SubTexture name="TimDownNoteGun0012" x="3364" y="0" width="687" height="511" frameX="-7" frameY="-2" frameWidth="713" frameHeight="551"/>
	<SubTexture name="TimDownNoteGun0013" x="3364" y="0" width="687" height="511" frameX="-7" frameY="-2" frameWidth="713" frameHeight="551"/>
	<SubTexture name="TimFiringHisGun0000" x="4051" y="0" width="738" height="509" frameX="-1" frameY="-26" frameWidth="778" frameHeight="538"/>
	<SubTexture name="TimFiringHisGun0001" x="4789" y="0" width="769" height="519" frameX="0" frameY="-18" frameWidth="778" frameHeight="538"/>
	<SubTexture name="TimFiringHisGun0002" x="5558" y="0" width="744" height="529" frameX="-34" frameY="-9" frameWidth="778" frameHeight="538"/>
	<SubTexture name="TimFiringHisGun0003" x="6302" y="0" width="730" height="529" frameX="-29" frameY="-9" frameWidth="778" frameHeight="538"/>
	<SubTexture name="TimFiringHisGun0004" x="7032" y="0" width="739" height="529" frameX="-35" frameY="-9" frameWidth="778" frameHeight="538"/>
	<SubTexture name="TimFiringHisGun0005" x="0" y="545" width="735" height="535" frameX="-39" frameY="-3" frameWidth="778" frameHeight="538"/>
	<SubTexture name="TimFiringHisGun0006" x="735" y="545" width="736" height="538" frameX="-39" frameY="0" frameWidth="778" frameHeight="538"/>
	<SubTexture name="TimFiringHisGun0007" x="1471" y="545" width="737" height="527" frameX="-39" frameY="-11" frameWidth="778" frameHeight="538"/>
	<SubTexture name="TimFiringHisGun0008" x="2208" y="545" width="719" height="527" frameX="-39" frameY="-11" frameWidth="778" frameHeight="538"/>
	<SubTexture name="TimFiringHisGun0009" x="2927" y="545" width="672" height="527" frameX="-39" frameY="-11" frameWidth="778" frameHeight="538"/>
	<SubTexture name="TimFiringHisGun0010" x="2927" y="545" width="672" height="527" frameX="-39" frameY="-11" frameWidth="778" frameHeight="538"/>
	<SubTexture name="TimFiringHisGun0011" x="2927" y="545" width="672" height="527" frameX="-39" frameY="-11" frameWidth="778" frameHeight="538"/>
	<SubTexture name="TimFiringHisGun0012" x="2927" y="545" width="672" height="527" frameX="-39" frameY="-11" frameWidth="778" frameHeight="538"/>
	<SubTexture name="TimGunHoldingIdle0000" x="3599" y="545" width="638" height="508" frameX="-13" frameY="-1" frameWidth="651" frameHeight="510"/>
	<SubTexture name="TimGunHoldingIdle0001" x="4237" y="545" width="638" height="508" frameX="-13" frameY="-1" frameWidth="651" frameHeight="510"/>
	<SubTexture name="TimGunHoldingIdle0002" x="4875" y="545" width="638" height="509" frameX="-13" frameY="0" frameWidth="651" frameHeight="510"/>
	<SubTexture name="TimGunHoldingIdle0003" x="5513" y="545" width="638" height="505" frameX="-13" frameY="-4" frameWidth="651" frameHeight="510"/>
	<SubTexture name="TimGunHoldingIdle0004" x="6151" y="545" width="644" height="501" frameX="-5" frameY="-9" frameWidth="651" frameHeight="510"/>
	<SubTexture name="TimGunHoldingIdle0005" x="6795" y="545" width="644" height="500" frameX="-5" frameY="-10" frameWidth="651" frameHeight="510"/>
	<SubTexture name="TimGunHoldingIdle0006" x="7439" y="545" width="648" height="497" frameX="0" frameY="-11" frameWidth="651" frameHeight="510"/>
	<SubTexture name="TimGunHoldingIdle0007" x="0" y="1083" width="648" height="498" frameX="0" frameY="-10" frameWidth="651" frameHeight="510"/>
	<SubTexture name="TimGunHoldingIdle0008" x="648" y="1083" width="648" height="498" frameX="0" frameY="-10" frameWidth="651" frameHeight="510"/>
	<SubTexture name="TimGunHoldingIdle0009" x="1296" y="1083" width="648" height="499" frameX="0" frameY="-9" frameWidth="651" frameHeight="510"/>
	<SubTexture name="TimGunHoldingIdle0010" x="1944" y="1083" width="644" height="501" frameX="-5" frameY="-9" frameWidth="651" frameHeight="510"/>
	<SubTexture name="TimGunHoldingIdle0011" x="2588" y="1083" width="644" height="505" frameX="-5" frameY="-5" frameWidth="651" frameHeight="510"/>
	<SubTexture name="TimGunHoldingIdle0012" x="3599" y="545" width="638" height="508" frameX="-13" frameY="-1" frameWidth="651" frameHeight="510"/>
	<SubTexture name="TimLeftNoteGun0000" x="3232" y="1083" width="508" height="555" frameX="-7" frameY="0" frameWidth="566" frameHeight="556"/>
	<SubTexture name="TimLeftNoteGun0001" x="3740" y="1083" width="508" height="555" frameX="-7" frameY="0" frameWidth="566" frameHeight="556"/>
	<SubTexture name="TimLeftNoteGun0002" x="4248" y="1083" width="545" height="534" frameX="0" frameY="-22" frameWidth="566" frameHeight="556"/>
	<SubTexture name="TimLeftNoteGun0003" x="4793" y="1083" width="545" height="534" frameX="0" frameY="-22" frameWidth="566" frameHeight="556"/>
	<SubTexture name="TimLeftNoteGun0004" x="5338" y="1083" width="566" height="525" frameX="0" frameY="-31" frameWidth="566" frameHeight="556"/>
	<SubTexture name="TimLeftNoteGun0005" x="5904" y="1083" width="545" height="534" frameX="0" frameY="-22" frameWidth="566" frameHeight="556"/>
	<SubTexture name="TimLeftNoteGun0006" x="5904" y="1083" width="545" height="534" frameX="0" frameY="-22" frameWidth="566" frameHeight="556"/>
	<SubTexture name="TimLeftNoteGun0007" x="5904" y="1083" width="545" height="534" frameX="0" frameY="-22" frameWidth="566" frameHeight="556"/>
	<SubTexture name="TimLeftNoteGun0008" x="5904" y="1083" width="545" height="534" frameX="0" frameY="-22" frameWidth="566" frameHeight="556"/>
	<SubTexture name="TimLeftNoteGun0009" x="5904" y="1083" width="545" height="534" frameX="0" frameY="-22" frameWidth="566" frameHeight="556"/>
	<SubTexture name="TimLeftNoteGun0010" x="5904" y="1083" width="545" height="534" frameX="0" frameY="-22" frameWidth="566" frameHeight="556"/>
	<SubTexture name="TimLeftNoteGun0011" x="5904" y="1083" width="545" height="534" frameX="0" frameY="-22" frameWidth="566" frameHeight="556"/>
	<SubTexture name="TimLeftNoteGun0012" x="5904" y="1083" width="545" height="534" frameX="0" frameY="-22" frameWidth="566" frameHeight="556"/>
	<SubTexture name="TimLeftNoteGun0013" x="5904" y="1083" width="545" height="534" frameX="0" frameY="-22" frameWidth="566" frameHeight="556"/>
	<SubTexture name="TimRightNoteGun0000" x="6449" y="1083" width="713" height="509" frameX="-17" frameY="0" frameWidth="730" frameHeight="509"/>
	<SubTexture name="TimRightNoteGun0001" x="6449" y="1083" width="713" height="509" frameX="-17" frameY="0" frameWidth="730" frameHeight="509"/>
	<SubTexture name="TimRightNoteGun0002" x="7162" y="1083" width="717" height="509" frameX="-6" frameY="0" frameWidth="730" frameHeight="509"/>
	<SubTexture name="TimRightNoteGun0003" x="0" y="1638" width="716" height="509" frameX="0" frameY="0" frameWidth="730" frameHeight="509"/>
	<SubTexture name="TimRightNoteGun0004" x="0" y="1638" width="716" height="509" frameX="0" frameY="0" frameWidth="730" frameHeight="509"/>
	<SubTexture name="TimRightNoteGun0005" x="716" y="1638" width="716" height="509" frameX="-7" frameY="0" frameWidth="730" frameHeight="509"/>
	<SubTexture name="TimRightNoteGun0006" x="716" y="1638" width="716" height="509" frameX="-7" frameY="0" frameWidth="730" frameHeight="509"/>
	<SubTexture name="TimRightNoteGun0007" x="716" y="1638" width="716" height="509" frameX="-7" frameY="0" frameWidth="730" frameHeight="509"/>
	<SubTexture name="TimRightNoteGun0008" x="716" y="1638" width="716" height="509" frameX="-7" frameY="0" frameWidth="730" frameHeight="509"/>
	<SubTexture name="TimRightNoteGun0009" x="716" y="1638" width="716" height="509" frameX="-7" frameY="0" frameWidth="730" frameHeight="509"/>
	<SubTexture name="TimRightNoteGun0010" x="716" y="1638" width="716" height="509" frameX="-7" frameY="0" frameWidth="730" frameHeight="509"/>
	<SubTexture name="TimRightNoteGun0011" x="716" y="1638" width="716" height="509" frameX="-7" frameY="0" frameWidth="730" frameHeight="509"/>
	<SubTexture name="TimRightNoteGun0012" x="716" y="1638" width="716" height="509" frameX="-7" frameY="0" frameWidth="730" frameHeight="509"/>
	<SubTexture name="TimRightNoteGun0013" x="716" y="1638" width="716" height="509" frameX="-7" frameY="0" frameWidth="730" frameHeight="509"/>
	<SubTexture name="TimUpNoteGun0000" x="1432" y="1638" width="695" height="563" frameX="0" frameY="-35" frameWidth="732" frameHeight="608"/>
	<SubTexture name="TimUpNoteGun0001" x="1432" y="1638" width="695" height="563" frameX="0" frameY="-35" frameWidth="732" frameHeight="608"/>
	<SubTexture name="TimUpNoteGun0002" x="2127" y="1638" width="719" height="553" frameX="-13" frameY="-45" frameWidth="732" frameHeight="608"/>
	<SubTexture name="TimUpNoteGun0003" x="2846" y="1638" width="546" height="608" frameX="-91" frameY="0" frameWidth="732" frameHeight="608"/>
	<SubTexture name="TimUpNoteGun0004" x="3392" y="1638" width="542" height="592" frameX="-84" frameY="-14" frameWidth="732" frameHeight="608"/>
	<SubTexture name="TimUpNoteGun0005" x="3934" y="1638" width="542" height="592" frameX="-84" frameY="-14" frameWidth="732" frameHeight="608"/>
	<SubTexture name="TimUpNoteGun0006" x="4476" y="1638" width="534" height="608" frameX="-91" frameY="0" frameWidth="732" frameHeight="608"/>
	<SubTexture name="TimUpNoteGun0007" x="4476" y="1638" width="534" height="608" frameX="-91" frameY="0" frameWidth="732" frameHeight="608"/>
	<SubTexture name="TimUpNoteGun0008" x="4476" y="1638" width="534" height="608" frameX="-91" frameY="0" frameWidth="732" frameHeight="608"/>
	<SubTexture name="TimUpNoteGun0009" x="4476" y="1638" width="534" height="608" frameX="-91" frameY="0" frameWidth="732" frameHeight="608"/>
	<SubTexture name="TimUpNoteGun0010" x="4476" y="1638" width="534" height="608" frameX="-91" frameY="0" frameWidth="732" frameHeight="608"/>
	<SubTexture name="TimUpNoteGun0011" x="4476" y="1638" width="534" height="608" frameX="-91" frameY="0" frameWidth="732" frameHeight="608"/>
	<SubTexture name="TimUpNoteGun0012" x="4476" y="1638" width="534" height="608" frameX="-91" frameY="0" frameWidth="732" frameHeight="608"/>
	<SubTexture name="TimUpNoteGun0013" x="4476" y="1638" width="534" height="608" frameX="-91" frameY="0" frameWidth="732" frameHeight="608"/>
</TextureAtlas>
