﻿<?xml version="1.0" encoding="utf-8"?>
<TextureAtlas imagePath="TimFNF.png">
	<!-- Created with Adobe Animate version 22.0.0.93 -->
	<!-- http://www.adobe.com/products/animate.html -->
	<SubTexture name="TimDownNote0000" x="0" y="0" width="522" height="489" pivotX="0" pivotY="0" frameX="-5" frameY="-6" frameWidth="527" frameHeight="496"/>
	<SubTexture name="TimDownNote0001" x="0" y="0" width="522" height="489" frameX="-5" frameY="-6" frameWidth="527" frameHeight="496"/>
	<SubTexture name="TimDownNote0002" x="542" y="0" width="522" height="496" frameX="0" frameY="0" frameWidth="527" frameHeight="496"/>
	<SubTexture name="TimDownNote0003" x="542" y="0" width="522" height="496" frameX="0" frameY="0" frameWidth="527" frameHeight="496"/>
	<SubTexture name="TimDownNote0004" x="542" y="0" width="522" height="496" frameX="0" frameY="0" frameWidth="527" frameHeight="496"/>
	<SubTexture name="TimDownNote0005" x="1084" y="0" width="522" height="496" frameX="0" frameY="0" frameWidth="527" frameHeight="496"/>
	<SubTexture name="TimDownNote0006" x="1084" y="0" width="522" height="496" frameX="0" frameY="0" frameWidth="527" frameHeight="496"/>
	<SubTexture name="TimDownNote0007" x="1084" y="0" width="522" height="496" frameX="0" frameY="0" frameWidth="527" frameHeight="496"/>
	<SubTexture name="TimDownNote0008" x="1084" y="0" width="522" height="496" frameX="0" frameY="0" frameWidth="527" frameHeight="496"/>
	<SubTexture name="TimDownNote0009" x="1084" y="0" width="522" height="496" frameX="0" frameY="0" frameWidth="527" frameHeight="496"/>
	<SubTexture name="TimDownNote0010" x="1084" y="0" width="522" height="496" frameX="0" frameY="0" frameWidth="527" frameHeight="496"/>
	<SubTexture name="TimDownNote0011" x="1084" y="0" width="522" height="496" frameX="0" frameY="0" frameWidth="527" frameHeight="496"/>
	<SubTexture name="TimDownNote0012" x="1084" y="0" width="522" height="496" frameX="0" frameY="0" frameWidth="527" frameHeight="496"/>
	<SubTexture name="TimDownNote0013" x="1084" y="0" width="522" height="496" frameX="0" frameY="0" frameWidth="527" frameHeight="496"/>
	<SubTexture name="TimIdle0000" x="1626" y="0" width="582" height="510" pivotX="11.4" pivotY="2.1" frameX="0" frameY="-26" frameWidth="582" frameHeight="536"/>
	<SubTexture name="TimIdle0001" x="2228" y="0" width="582" height="517" frameX="0" frameY="-19" frameWidth="582" frameHeight="536"/>
	<SubTexture name="TimIdle0002" x="2830" y="0" width="576" height="524" frameX="-4" frameY="-12" frameWidth="582" frameHeight="536"/>
	<SubTexture name="TimIdle0003" x="3426" y="0" width="576" height="530" frameX="-4" frameY="-6" frameWidth="582" frameHeight="536"/>
	<SubTexture name="TimIdle0004" x="0" y="550" width="568" height="536" frameX="-11" frameY="0" frameWidth="582" frameHeight="536"/>
	<SubTexture name="TimIdle0005" x="588" y="550" width="568" height="536" frameX="-11" frameY="0" frameWidth="582" frameHeight="536"/>
	<SubTexture name="TimIdle0006" x="588" y="550" width="568" height="536" frameX="-11" frameY="0" frameWidth="582" frameHeight="536"/>
	<SubTexture name="TimIdle0007" x="588" y="550" width="568" height="536" frameX="-11" frameY="0" frameWidth="582" frameHeight="536"/>
	<SubTexture name="TimIdle0008" x="588" y="550" width="568" height="536" frameX="-11" frameY="0" frameWidth="582" frameHeight="536"/>
	<SubTexture name="TimIdle0009" x="588" y="550" width="568" height="536" frameX="-11" frameY="0" frameWidth="582" frameHeight="536"/>
	<SubTexture name="TimIdle0010" x="588" y="550" width="568" height="536" frameX="-11" frameY="0" frameWidth="582" frameHeight="536"/>
	<SubTexture name="TimIdle0011" x="588" y="550" width="568" height="536" frameX="-11" frameY="0" frameWidth="582" frameHeight="536"/>
	<SubTexture name="TimIdle0012" x="588" y="550" width="568" height="536" frameX="-11" frameY="0" frameWidth="582" frameHeight="536"/>
	<SubTexture name="TimIdle0013" x="588" y="550" width="568" height="536" frameX="-11" frameY="0" frameWidth="582" frameHeight="536"/>
	<SubTexture name="TimLeftNote0000" x="1176" y="550" width="548" height="537" pivotX="8.2" pivotY="0.1"/>
	<SubTexture name="TimLeftNote0001" x="1176" y="550" width="548" height="537"/>
	<SubTexture name="TimLeftNote0002" x="1744" y="550" width="539" height="537" frameX="-8" frameY="0" frameWidth="548" frameHeight="537"/>
	<SubTexture name="TimLeftNote0003" x="1744" y="550" width="539" height="537" frameX="-8" frameY="0" frameWidth="548" frameHeight="537"/>
	<SubTexture name="TimLeftNote0004" x="1744" y="550" width="539" height="537" frameX="-8" frameY="0" frameWidth="548" frameHeight="537"/>
	<SubTexture name="TimLeftNote0005" x="1744" y="550" width="539" height="537" frameX="-8" frameY="0" frameWidth="548" frameHeight="537"/>
	<SubTexture name="TimLeftNote0006" x="1744" y="550" width="539" height="537" frameX="-8" frameY="0" frameWidth="548" frameHeight="537"/>
	<SubTexture name="TimLeftNote0007" x="1744" y="550" width="539" height="537" frameX="-8" frameY="0" frameWidth="548" frameHeight="537"/>
	<SubTexture name="TimLeftNote0008" x="1744" y="550" width="539" height="537" frameX="-8" frameY="0" frameWidth="548" frameHeight="537"/>
	<SubTexture name="TimLeftNote0009" x="1744" y="550" width="539" height="537" frameX="-8" frameY="0" frameWidth="548" frameHeight="537"/>
	<SubTexture name="TimLeftNote0010" x="1744" y="550" width="539" height="537" frameX="-8" frameY="0" frameWidth="548" frameHeight="537"/>
	<SubTexture name="TimLeftNote0011" x="1744" y="550" width="539" height="537" frameX="-8" frameY="0" frameWidth="548" frameHeight="537"/>
	<SubTexture name="TimLeftNote0012" x="1744" y="550" width="539" height="537" frameX="-8" frameY="0" frameWidth="548" frameHeight="537"/>
	<SubTexture name="TimLeftNote0013" x="1744" y="550" width="539" height="537" frameX="-8" frameY="0" frameWidth="548" frameHeight="537"/>
	<SubTexture name="TimRightNote0000" x="2303" y="550" width="541" height="520" pivotX="0" pivotY="6.25" frameX="-19" frameY="0" frameWidth="560" frameHeight="521"/>
	<SubTexture name="TimRightNote0001" x="2303" y="550" width="541" height="520" frameX="-19" frameY="0" frameWidth="560" frameHeight="521"/>
	<SubTexture name="TimRightNote0002" x="2864" y="550" width="540" height="515" frameX="0" frameY="-6" frameWidth="560" frameHeight="521"/>
	<SubTexture name="TimRightNote0003" x="2864" y="550" width="540" height="515" frameX="0" frameY="-6" frameWidth="560" frameHeight="521"/>
	<SubTexture name="TimRightNote0004" x="2864" y="550" width="540" height="515" frameX="0" frameY="-6" frameWidth="560" frameHeight="521"/>
	<SubTexture name="TimRightNote0005" x="3424" y="550" width="540" height="515" frameX="0" frameY="-6" frameWidth="560" frameHeight="521"/>
	<SubTexture name="TimRightNote0006" x="3424" y="550" width="540" height="515" frameX="0" frameY="-6" frameWidth="560" frameHeight="521"/>
	<SubTexture name="TimRightNote0007" x="3424" y="550" width="540" height="515" frameX="0" frameY="-6" frameWidth="560" frameHeight="521"/>
	<SubTexture name="TimRightNote0008" x="3424" y="550" width="540" height="515" frameX="0" frameY="-6" frameWidth="560" frameHeight="521"/>
	<SubTexture name="TimRightNote0009" x="3424" y="550" width="540" height="515" frameX="0" frameY="-6" frameWidth="560" frameHeight="521"/>
	<SubTexture name="TimRightNote0010" x="3424" y="550" width="540" height="515" frameX="0" frameY="-6" frameWidth="560" frameHeight="521"/>
	<SubTexture name="TimRightNote0011" x="3424" y="550" width="540" height="515" frameX="0" frameY="-6" frameWidth="560" frameHeight="521"/>
	<SubTexture name="TimRightNote0012" x="3424" y="550" width="540" height="515" frameX="0" frameY="-6" frameWidth="560" frameHeight="521"/>
	<SubTexture name="TimRightNote0013" x="3424" y="550" width="540" height="515" frameX="0" frameY="-6" frameWidth="560" frameHeight="521"/>
	<SubTexture name="TimUpNote0000" x="0" y="1107" width="610" height="556" pivotX="0" pivotY="8.55" frameX="-3" frameY="0" frameWidth="617" frameHeight="556"/>
	<SubTexture name="TimUpNote0001" x="0" y="1107" width="610" height="556" frameX="-3" frameY="0" frameWidth="617" frameHeight="556"/>
	<SubTexture name="TimUpNote0002" x="630" y="1107" width="617" height="548" frameX="0" frameY="-8" frameWidth="617" frameHeight="556"/>
	<SubTexture name="TimUpNote0003" x="630" y="1107" width="617" height="548" frameX="0" frameY="-8" frameWidth="617" frameHeight="556"/>
	<SubTexture name="TimUpNote0004" x="630" y="1107" width="617" height="548" frameX="0" frameY="-8" frameWidth="617" frameHeight="556"/>
	<SubTexture name="TimUpNote0005" x="630" y="1107" width="617" height="548" frameX="0" frameY="-8" frameWidth="617" frameHeight="556"/>
	<SubTexture name="TimUpNote0006" x="630" y="1107" width="617" height="548" frameX="0" frameY="-8" frameWidth="617" frameHeight="556"/>
	<SubTexture name="TimUpNote0007" x="630" y="1107" width="617" height="548" frameX="0" frameY="-8" frameWidth="617" frameHeight="556"/>
	<SubTexture name="TimUpNote0008" x="630" y="1107" width="617" height="548" frameX="0" frameY="-8" frameWidth="617" frameHeight="556"/>
	<SubTexture name="TimUpNote0009" x="630" y="1107" width="617" height="548" frameX="0" frameY="-8" frameWidth="617" frameHeight="556"/>
	<SubTexture name="TimUpNote0010" x="630" y="1107" width="617" height="548" frameX="0" frameY="-8" frameWidth="617" frameHeight="556"/>
	<SubTexture name="TimUpNote0011" x="630" y="1107" width="617" height="548" frameX="0" frameY="-8" frameWidth="617" frameHeight="556"/>
	<SubTexture name="TimUpNote0012" x="630" y="1107" width="617" height="548" frameX="0" frameY="-8" frameWidth="617" frameHeight="556"/>
	<SubTexture name="TimUpNote0013" x="630" y="1107" width="617" height="548" frameX="0" frameY="-8" frameWidth="617" frameHeight="556"/>
</TextureAtlas>
