﻿<?xml version="1.0" encoding="utf-8"?>
<TextureAtlas imagePath="RainFnF2P32.png">
	<!-- Created with Adobe Animate version 22.0.0.93 -->
	<!-- http://www.adobe.com/products/animate.html -->
	<SubTexture name="RainDownNoteP320000" x="1529" y="0" width="319" height="490" pivotX="0" pivotY="22.05" frameX="-4" frameY="-18" frameWidth="323" frameHeight="508"/>
	<SubTexture name="RainDownNoteP320001" x="1529" y="0" width="319" height="490" frameX="-4" frameY="-18" frameWidth="323" frameHeight="508"/>
	<SubTexture name="RainDownNoteP320002" x="1868" y="0" width="321" height="493" frameX="0" frameY="-6" frameWidth="323" frameHeight="508"/>
	<SubTexture name="RainDownNoteP320003" x="1868" y="0" width="321" height="493" frameX="0" frameY="-6" frameWidth="323" frameHeight="508"/>
	<SubTexture name="RainDownNoteP320004" x="2209" y="0" width="321" height="499" frameX="0" frameY="0" frameWidth="323" frameHeight="508"/>
	<SubTexture name="RainDownNoteP320005" x="2209" y="0" width="321" height="499" frameX="0" frameY="0" frameWidth="323" frameHeight="508"/>
	<SubTexture name="RainDownNoteP320006" x="2209" y="0" width="321" height="499" frameX="0" frameY="0" frameWidth="323" frameHeight="508"/>
	<SubTexture name="RainDownNoteP320007" x="2209" y="0" width="321" height="499" frameX="0" frameY="0" frameWidth="323" frameHeight="508"/>
	<SubTexture name="RainDownNoteP320008" x="2209" y="0" width="321" height="499" frameX="0" frameY="0" frameWidth="323" frameHeight="508"/>
	<SubTexture name="RainDownNoteP320009" x="2209" y="0" width="321" height="499" frameX="0" frameY="0" frameWidth="323" frameHeight="508"/>
	<SubTexture name="RainDownNoteP320010" x="2209" y="0" width="321" height="499" frameX="0" frameY="0" frameWidth="323" frameHeight="508"/>
	<SubTexture name="RainDownNoteP320011" x="2209" y="0" width="321" height="499" frameX="0" frameY="0" frameWidth="323" frameHeight="508"/>
	<SubTexture name="RainDownNoteP320012" x="2209" y="0" width="321" height="499" frameX="0" frameY="0" frameWidth="323" frameHeight="508"/>
	<SubTexture name="RainDownNoteP320013" x="2209" y="0" width="321" height="499" frameX="0" frameY="0" frameWidth="323" frameHeight="508"/>
	<SubTexture name="RainIdleP3_20000" x="2550" y="0" width="391" height="503" pivotX="0" pivotY="22.45" frameX="-5" frameY="-20" frameWidth="398" frameHeight="524"/>
	<SubTexture name="RainIdleP3_20001" x="2550" y="0" width="391" height="503" frameX="-5" frameY="-20" frameWidth="398" frameHeight="524"/>
	<SubTexture name="RainIdleP3_20002" x="2961" y="0" width="392" height="509" frameX="-3" frameY="-13" frameWidth="398" frameHeight="524"/>
	<SubTexture name="RainIdleP3_20003" x="2961" y="0" width="392" height="509" frameX="-3" frameY="-13" frameWidth="398" frameHeight="524"/>
	<SubTexture name="RainIdleP3_20004" x="3373" y="0" width="398" height="517" frameX="0" frameY="-3" frameWidth="398" frameHeight="524"/>
	<SubTexture name="RainIdleP3_20005" x="3373" y="0" width="398" height="517" frameX="0" frameY="-3" frameWidth="398" frameHeight="524"/>
	<SubTexture name="RainIdleP3_20006" x="0" y="569" width="395" height="519" frameX="0" frameY="-1" frameWidth="398" frameHeight="524"/>
	<SubTexture name="RainIdleP3_20007" x="0" y="569" width="395" height="519" frameX="0" frameY="-1" frameWidth="398" frameHeight="524"/>
	<SubTexture name="RainIdleP3_20008" x="415" y="569" width="392" height="519" frameX="0" frameY="-1" frameWidth="398" frameHeight="524"/>
	<SubTexture name="RainIdleP3_20009" x="827" y="569" width="392" height="520" frameX="0" frameY="0" frameWidth="398" frameHeight="524"/>
	<SubTexture name="RainIdleP3_20010" x="1239" y="569" width="395" height="520" frameX="0" frameY="0" frameWidth="398" frameHeight="524"/>
	<SubTexture name="RainIdleP3_20011" x="1239" y="569" width="395" height="520" frameX="0" frameY="0" frameWidth="398" frameHeight="524"/>
	<SubTexture name="RainIdleP3_20012" x="1654" y="569" width="398" height="519" frameX="0" frameY="-1" frameWidth="398" frameHeight="524"/>
	<SubTexture name="RainIdleP3_20013" x="1654" y="569" width="398" height="519" frameX="0" frameY="-1" frameWidth="398" frameHeight="524"/>
	<SubTexture name="RainIdleP3_20014" x="2072" y="569" width="391" height="509" frameX="-5" frameY="-15" frameWidth="398" frameHeight="524"/>
	<SubTexture name="RainIdleP3_20015" x="2072" y="569" width="391" height="509" frameX="-5" frameY="-15" frameWidth="398" frameHeight="524"/>
	<SubTexture name="RainIdleP3_20016" x="2483" y="569" width="390" height="510" frameX="-3" frameY="-13" frameWidth="398" frameHeight="524"/>
	<SubTexture name="RainIdleP3_20017" x="2483" y="569" width="390" height="510" frameX="-3" frameY="-13" frameWidth="398" frameHeight="524"/>
	<SubTexture name="RainIdleP3_20018" x="2893" y="569" width="395" height="514" frameX="0" frameY="-6" frameWidth="398" frameHeight="524"/>
	<SubTexture name="RainIdleP3_20019" x="2893" y="569" width="395" height="514" frameX="0" frameY="-6" frameWidth="398" frameHeight="524"/>
	<SubTexture name="RainIdleP3_20020" x="3308" y="569" width="398" height="519" frameX="0" frameY="-1" frameWidth="398" frameHeight="524"/>
	<SubTexture name="RainIdleP3_20021" x="3308" y="569" width="398" height="519" frameX="0" frameY="-1" frameWidth="398" frameHeight="524"/>
	<SubTexture name="RainIdleP3_20022" x="0" y="1109" width="395" height="519" frameX="0" frameY="-1" frameWidth="398" frameHeight="524"/>
	<SubTexture name="RainIdleP3_20023" x="415" y="1109" width="395" height="519" frameX="0" frameY="-1" frameWidth="398" frameHeight="524"/>
	<SubTexture name="RainIdleP3_20024" x="830" y="1109" width="392" height="519" frameX="0" frameY="-1" frameWidth="398" frameHeight="524"/>
	<SubTexture name="RainIdleP3_20025" x="830" y="1109" width="392" height="519" frameX="0" frameY="-1" frameWidth="398" frameHeight="524"/>
	<SubTexture name="RainIdleP3_20026" x="1242" y="1109" width="395" height="513" frameX="0" frameY="-7" frameWidth="398" frameHeight="524"/>
	<SubTexture name="RainIdleP3_20027" x="1242" y="1109" width="395" height="513" frameX="0" frameY="-7" frameWidth="398" frameHeight="524"/>
	<SubTexture name="RainLeftNoteP320000" x="1657" y="1109" width="554" height="513" pivotX="2.25" pivotY="12.05" frameX="0" frameY="-7" frameWidth="574" frameHeight="520"/>
	<SubTexture name="RainLeftNoteP320001" x="1657" y="1109" width="554" height="513" frameX="0" frameY="-7" frameWidth="574" frameHeight="520"/>
	<SubTexture name="RainLeftNoteP320002" x="2231" y="1109" width="549" height="520" frameX="-2" frameY="0" frameWidth="574" frameHeight="520"/>
	<SubTexture name="RainLeftNoteP320003" x="2800" y="1109" width="572" height="520" frameX="-2" frameY="0" frameWidth="574" frameHeight="520"/>
	<SubTexture name="RainLeftNoteP320004" x="3392" y="1109" width="572" height="520" frameX="-2" frameY="0" frameWidth="574" frameHeight="520"/>
	<SubTexture name="RainLeftNoteP320005" x="3392" y="1109" width="572" height="520" frameX="-2" frameY="0" frameWidth="574" frameHeight="520"/>
	<SubTexture name="RainLeftNoteP320006" x="3392" y="1109" width="572" height="520" frameX="-2" frameY="0" frameWidth="574" frameHeight="520"/>
	<SubTexture name="RainLeftNoteP320007" x="3392" y="1109" width="572" height="520" frameX="-2" frameY="0" frameWidth="574" frameHeight="520"/>
	<SubTexture name="RainLeftNoteP320008" x="3392" y="1109" width="572" height="520" frameX="-2" frameY="0" frameWidth="574" frameHeight="520"/>
	<SubTexture name="RainLeftNoteP320009" x="3392" y="1109" width="572" height="520" frameX="-2" frameY="0" frameWidth="574" frameHeight="520"/>
	<SubTexture name="RainLeftNoteP320010" x="3392" y="1109" width="572" height="520" frameX="-2" frameY="0" frameWidth="574" frameHeight="520"/>
	<SubTexture name="RainLeftNoteP320011" x="3392" y="1109" width="572" height="520" frameX="-2" frameY="0" frameWidth="574" frameHeight="520"/>
	<SubTexture name="RainLeftNoteP320012" x="3392" y="1109" width="572" height="520" frameX="-2" frameY="0" frameWidth="574" frameHeight="520"/>
	<SubTexture name="RainLeftNoteP320013" x="3392" y="1109" width="572" height="520" frameX="-2" frameY="0" frameWidth="574" frameHeight="520"/>
	<SubTexture name="RainRightNoteP320000" x="0" y="1649" width="374" height="514" pivotX="0" pivotY="1.8" frameX="-2" frameY="-2" frameWidth="376" frameHeight="517"/>
	<SubTexture name="RainRightNoteP320001" x="0" y="1649" width="374" height="514" frameX="-2" frameY="-2" frameWidth="376" frameHeight="517"/>
	<SubTexture name="RainRightNoteP320002" x="394" y="1649" width="366" height="517" frameX="0" frameY="0" frameWidth="376" frameHeight="517"/>
	<SubTexture name="RainRightNoteP320003" x="394" y="1649" width="366" height="517" frameX="0" frameY="0" frameWidth="376" frameHeight="517"/>
	<SubTexture name="RainRightNoteP320004" x="780" y="1649" width="370" height="517" frameX="0" frameY="0" frameWidth="376" frameHeight="517"/>
	<SubTexture name="RainRightNoteP320005" x="780" y="1649" width="370" height="517" frameX="0" frameY="0" frameWidth="376" frameHeight="517"/>
	<SubTexture name="RainRightNoteP320006" x="780" y="1649" width="370" height="517" frameX="0" frameY="0" frameWidth="376" frameHeight="517"/>
	<SubTexture name="RainRightNoteP320007" x="780" y="1649" width="370" height="517" frameX="0" frameY="0" frameWidth="376" frameHeight="517"/>
	<SubTexture name="RainRightNoteP320008" x="780" y="1649" width="370" height="517" frameX="0" frameY="0" frameWidth="376" frameHeight="517"/>
	<SubTexture name="RainRightNoteP320009" x="780" y="1649" width="370" height="517" frameX="0" frameY="0" frameWidth="376" frameHeight="517"/>
	<SubTexture name="RainRightNoteP320010" x="780" y="1649" width="370" height="517" frameX="0" frameY="0" frameWidth="376" frameHeight="517"/>
	<SubTexture name="RainRightNoteP320011" x="780" y="1649" width="370" height="517" frameX="0" frameY="0" frameWidth="376" frameHeight="517"/>
	<SubTexture name="RainRightNoteP320012" x="780" y="1649" width="370" height="517" frameX="0" frameY="0" frameWidth="376" frameHeight="517"/>
	<SubTexture name="RainRightNoteP320013" x="780" y="1649" width="370" height="517" frameX="0" frameY="0" frameWidth="376" frameHeight="517"/>
	<SubTexture name="RainUpNoteP30000" x="0" y="0" width="366" height="547" pivotX="7.5" pivotY="17.25" frameX="0" frameY="0" frameWidth="366" frameHeight="552"/>
	<SubTexture name="RainUpNoteP30001" x="0" y="0" width="366" height="547" frameX="0" frameY="0" frameWidth="366" frameHeight="552"/>
	<SubTexture name="RainUpNoteP30002" x="386" y="0" width="361" height="549" frameX="-1" frameY="-3" frameWidth="366" frameHeight="552"/>
	<SubTexture name="RainUpNoteP30003" x="767" y="0" width="361" height="549" frameX="-1" frameY="-3" frameWidth="366" frameHeight="552"/>
	<SubTexture name="RainUpNoteP30004" x="1148" y="0" width="361" height="549" frameX="-1" frameY="-3" frameWidth="366" frameHeight="552"/>
	<SubTexture name="RainUpNoteP30005" x="1148" y="0" width="361" height="549" frameX="-1" frameY="-3" frameWidth="366" frameHeight="552"/>
	<SubTexture name="RainUpNoteP30006" x="1148" y="0" width="361" height="549" frameX="-1" frameY="-3" frameWidth="366" frameHeight="552"/>
	<SubTexture name="RainUpNoteP30007" x="1148" y="0" width="361" height="549" frameX="-1" frameY="-3" frameWidth="366" frameHeight="552"/>
	<SubTexture name="RainUpNoteP30008" x="1148" y="0" width="361" height="549" frameX="-1" frameY="-3" frameWidth="366" frameHeight="552"/>
	<SubTexture name="RainUpNoteP30009" x="1148" y="0" width="361" height="549" frameX="-1" frameY="-3" frameWidth="366" frameHeight="552"/>
	<SubTexture name="RainUpNoteP30010" x="1148" y="0" width="361" height="549" frameX="-1" frameY="-3" frameWidth="366" frameHeight="552"/>
	<SubTexture name="RainUpNoteP30011" x="1148" y="0" width="361" height="549" frameX="-1" frameY="-3" frameWidth="366" frameHeight="552"/>
	<SubTexture name="RainUpNoteP30012" x="1148" y="0" width="361" height="549" frameX="-1" frameY="-3" frameWidth="366" frameHeight="552"/>
	<SubTexture name="RainUpNoteP30013" x="1148" y="0" width="361" height="549" frameX="-1" frameY="-3" frameWidth="366" frameHeight="552"/>
</TextureAtlas>
