﻿<?xml version="1.0" encoding="utf-8"?>
<TextureAtlas imagePath="RainFnF2P31.png">
	<!-- Created with Adobe Animate version 22.0.0.93 -->
	<!-- http://www.adobe.com/products/animate.html -->
	<SubTexture name="RainDownNoteP30000" x="0" y="0" width="319" height="490" pivotX="0" pivotY="22.05" frameX="-4" frameY="-18" frameWidth="323" frameHeight="508"/>
	<SubTexture name="RainDownNoteP30001" x="0" y="0" width="319" height="490" frameX="-4" frameY="-18" frameWidth="323" frameHeight="508"/>
	<SubTexture name="RainDownNoteP30002" x="339" y="0" width="321" height="493" frameX="0" frameY="-6" frameWidth="323" frameHeight="508"/>
	<SubTexture name="RainDownNoteP30003" x="339" y="0" width="321" height="493" frameX="0" frameY="-6" frameWidth="323" frameHeight="508"/>
	<SubTexture name="RainDownNoteP30004" x="680" y="0" width="321" height="499" frameX="0" frameY="0" frameWidth="323" frameHeight="508"/>
	<SubTexture name="RainDownNoteP30005" x="680" y="0" width="321" height="499" frameX="0" frameY="0" frameWidth="323" frameHeight="508"/>
	<SubTexture name="RainDownNoteP30006" x="680" y="0" width="321" height="499" frameX="0" frameY="0" frameWidth="323" frameHeight="508"/>
	<SubTexture name="RainDownNoteP30007" x="680" y="0" width="321" height="499" frameX="0" frameY="0" frameWidth="323" frameHeight="508"/>
	<SubTexture name="RainDownNoteP30008" x="680" y="0" width="321" height="499" frameX="0" frameY="0" frameWidth="323" frameHeight="508"/>
	<SubTexture name="RainDownNoteP30009" x="680" y="0" width="321" height="499" frameX="0" frameY="0" frameWidth="323" frameHeight="508"/>
	<SubTexture name="RainDownNoteP30010" x="680" y="0" width="321" height="499" frameX="0" frameY="0" frameWidth="323" frameHeight="508"/>
	<SubTexture name="RainDownNoteP30011" x="680" y="0" width="321" height="499" frameX="0" frameY="0" frameWidth="323" frameHeight="508"/>
	<SubTexture name="RainDownNoteP30012" x="680" y="0" width="321" height="499" frameX="0" frameY="0" frameWidth="323" frameHeight="508"/>
	<SubTexture name="RainDownNoteP30013" x="680" y="0" width="321" height="499" frameX="0" frameY="0" frameWidth="323" frameHeight="508"/>
	<SubTexture name="RainIdleP30000" x="1021" y="0" width="391" height="503" pivotX="0" pivotY="22.45" frameX="-5" frameY="-20" frameWidth="398" frameHeight="524"/>
	<SubTexture name="RainIdleP30001" x="1021" y="0" width="391" height="503" frameX="-5" frameY="-20" frameWidth="398" frameHeight="524"/>
	<SubTexture name="RainIdleP30002" x="1432" y="0" width="392" height="509" frameX="-3" frameY="-13" frameWidth="398" frameHeight="524"/>
	<SubTexture name="RainIdleP30003" x="1432" y="0" width="392" height="509" frameX="-3" frameY="-13" frameWidth="398" frameHeight="524"/>
	<SubTexture name="RainIdleP30004" x="1844" y="0" width="398" height="517" frameX="0" frameY="-3" frameWidth="398" frameHeight="524"/>
	<SubTexture name="RainIdleP30005" x="1844" y="0" width="398" height="517" frameX="0" frameY="-3" frameWidth="398" frameHeight="524"/>
	<SubTexture name="RainIdleP30006" x="2262" y="0" width="395" height="519" frameX="0" frameY="-1" frameWidth="398" frameHeight="524"/>
	<SubTexture name="RainIdleP30007" x="2262" y="0" width="395" height="519" frameX="0" frameY="-1" frameWidth="398" frameHeight="524"/>
	<SubTexture name="RainIdleP30008" x="2677" y="0" width="392" height="519" frameX="0" frameY="-1" frameWidth="398" frameHeight="524"/>
	<SubTexture name="RainIdleP30009" x="3089" y="0" width="392" height="520" frameX="0" frameY="0" frameWidth="398" frameHeight="524"/>
	<SubTexture name="RainIdleP30010" x="3501" y="0" width="395" height="520" frameX="0" frameY="0" frameWidth="398" frameHeight="524"/>
	<SubTexture name="RainIdleP30011" x="3501" y="0" width="395" height="520" frameX="0" frameY="0" frameWidth="398" frameHeight="524"/>
	<SubTexture name="RainIdleP30012" x="0" y="540" width="398" height="519" frameX="0" frameY="-1" frameWidth="398" frameHeight="524"/>
	<SubTexture name="RainIdleP30013" x="0" y="540" width="398" height="519" frameX="0" frameY="-1" frameWidth="398" frameHeight="524"/>
	<SubTexture name="RainIdleP30014" x="418" y="540" width="391" height="509" frameX="-5" frameY="-15" frameWidth="398" frameHeight="524"/>
	<SubTexture name="RainIdleP30015" x="418" y="540" width="391" height="509" frameX="-5" frameY="-15" frameWidth="398" frameHeight="524"/>
	<SubTexture name="RainIdleP30016" x="829" y="540" width="390" height="510" frameX="-3" frameY="-13" frameWidth="398" frameHeight="524"/>
	<SubTexture name="RainIdleP30017" x="829" y="540" width="390" height="510" frameX="-3" frameY="-13" frameWidth="398" frameHeight="524"/>
	<SubTexture name="RainIdleP30018" x="1239" y="540" width="395" height="514" frameX="0" frameY="-6" frameWidth="398" frameHeight="524"/>
	<SubTexture name="RainIdleP30019" x="1239" y="540" width="395" height="514" frameX="0" frameY="-6" frameWidth="398" frameHeight="524"/>
	<SubTexture name="RainIdleP30020" x="1654" y="540" width="398" height="519" frameX="0" frameY="-1" frameWidth="398" frameHeight="524"/>
	<SubTexture name="RainIdleP30021" x="1654" y="540" width="398" height="519" frameX="0" frameY="-1" frameWidth="398" frameHeight="524"/>
	<SubTexture name="RainIdleP30022" x="2072" y="540" width="395" height="519" frameX="0" frameY="-1" frameWidth="398" frameHeight="524"/>
	<SubTexture name="RainIdleP30023" x="2487" y="540" width="395" height="519" frameX="0" frameY="-1" frameWidth="398" frameHeight="524"/>
	<SubTexture name="RainIdleP30024" x="2902" y="540" width="392" height="519" frameX="0" frameY="-1" frameWidth="398" frameHeight="524"/>
	<SubTexture name="RainIdleP30025" x="2902" y="540" width="392" height="519" frameX="0" frameY="-1" frameWidth="398" frameHeight="524"/>
	<SubTexture name="RainIdleP30026" x="3314" y="540" width="395" height="513" frameX="0" frameY="-7" frameWidth="398" frameHeight="524"/>
	<SubTexture name="RainIdleP30027" x="3314" y="540" width="395" height="513" frameX="0" frameY="-7" frameWidth="398" frameHeight="524"/>
	<SubTexture name="RainLeftNoteP30000" x="0" y="1079" width="554" height="513" pivotX="2.25" pivotY="12.05" frameX="0" frameY="-7" frameWidth="574" frameHeight="520"/>
	<SubTexture name="RainLeftNoteP30001" x="0" y="1079" width="554" height="513" frameX="0" frameY="-7" frameWidth="574" frameHeight="520"/>
	<SubTexture name="RainLeftNoteP30002" x="574" y="1079" width="549" height="520" frameX="-2" frameY="0" frameWidth="574" frameHeight="520"/>
	<SubTexture name="RainLeftNoteP30003" x="1143" y="1079" width="572" height="520" frameX="-2" frameY="0" frameWidth="574" frameHeight="520"/>
	<SubTexture name="RainLeftNoteP30004" x="1735" y="1079" width="572" height="520" frameX="-2" frameY="0" frameWidth="574" frameHeight="520"/>
	<SubTexture name="RainLeftNoteP30005" x="1735" y="1079" width="572" height="520" frameX="-2" frameY="0" frameWidth="574" frameHeight="520"/>
	<SubTexture name="RainLeftNoteP30006" x="1735" y="1079" width="572" height="520" frameX="-2" frameY="0" frameWidth="574" frameHeight="520"/>
	<SubTexture name="RainLeftNoteP30007" x="1735" y="1079" width="572" height="520" frameX="-2" frameY="0" frameWidth="574" frameHeight="520"/>
	<SubTexture name="RainLeftNoteP30008" x="1735" y="1079" width="572" height="520" frameX="-2" frameY="0" frameWidth="574" frameHeight="520"/>
	<SubTexture name="RainLeftNoteP30009" x="1735" y="1079" width="572" height="520" frameX="-2" frameY="0" frameWidth="574" frameHeight="520"/>
	<SubTexture name="RainLeftNoteP30010" x="1735" y="1079" width="572" height="520" frameX="-2" frameY="0" frameWidth="574" frameHeight="520"/>
	<SubTexture name="RainLeftNoteP30011" x="1735" y="1079" width="572" height="520" frameX="-2" frameY="0" frameWidth="574" frameHeight="520"/>
	<SubTexture name="RainLeftNoteP30012" x="1735" y="1079" width="572" height="520" frameX="-2" frameY="0" frameWidth="574" frameHeight="520"/>
	<SubTexture name="RainLeftNoteP30013" x="1735" y="1079" width="572" height="520" frameX="-2" frameY="0" frameWidth="574" frameHeight="520"/>
	<SubTexture name="RainRightNoteP30000" x="2327" y="1079" width="374" height="514" pivotX="0" pivotY="1.8" frameX="-2" frameY="-2" frameWidth="376" frameHeight="517"/>
	<SubTexture name="RainRightNoteP30001" x="2327" y="1079" width="374" height="514" frameX="-2" frameY="-2" frameWidth="376" frameHeight="517"/>
	<SubTexture name="RainRightNoteP30002" x="2721" y="1079" width="366" height="517" frameX="0" frameY="0" frameWidth="376" frameHeight="517"/>
	<SubTexture name="RainRightNoteP30003" x="2721" y="1079" width="366" height="517" frameX="0" frameY="0" frameWidth="376" frameHeight="517"/>
	<SubTexture name="RainRightNoteP30004" x="3107" y="1079" width="370" height="517" frameX="0" frameY="0" frameWidth="376" frameHeight="517"/>
	<SubTexture name="RainRightNoteP30005" x="3107" y="1079" width="370" height="517" frameX="0" frameY="0" frameWidth="376" frameHeight="517"/>
	<SubTexture name="RainRightNoteP30006" x="3107" y="1079" width="370" height="517" frameX="0" frameY="0" frameWidth="376" frameHeight="517"/>
	<SubTexture name="RainRightNoteP30007" x="3107" y="1079" width="370" height="517" frameX="0" frameY="0" frameWidth="376" frameHeight="517"/>
	<SubTexture name="RainRightNoteP30008" x="3107" y="1079" width="370" height="517" frameX="0" frameY="0" frameWidth="376" frameHeight="517"/>
	<SubTexture name="RainRightNoteP30009" x="3107" y="1079" width="370" height="517" frameX="0" frameY="0" frameWidth="376" frameHeight="517"/>
	<SubTexture name="RainRightNoteP30010" x="3107" y="1079" width="370" height="517" frameX="0" frameY="0" frameWidth="376" frameHeight="517"/>
	<SubTexture name="RainRightNoteP30011" x="3107" y="1079" width="370" height="517" frameX="0" frameY="0" frameWidth="376" frameHeight="517"/>
	<SubTexture name="RainRightNoteP30012" x="3107" y="1079" width="370" height="517" frameX="0" frameY="0" frameWidth="376" frameHeight="517"/>
	<SubTexture name="RainRightNoteP30013" x="3107" y="1079" width="370" height="517" frameX="0" frameY="0" frameWidth="376" frameHeight="517"/>
	<SubTexture name="RainUpNoteP30000" x="3497" y="1079" width="366" height="547" pivotX="7.5" pivotY="17.25" frameX="0" frameY="0" frameWidth="366" frameHeight="552"/>
	<SubTexture name="RainUpNoteP30001" x="3497" y="1079" width="366" height="547" frameX="0" frameY="0" frameWidth="366" frameHeight="552"/>
	<SubTexture name="RainUpNoteP30002" x="0" y="1646" width="361" height="549" frameX="-1" frameY="-3" frameWidth="366" frameHeight="552"/>
	<SubTexture name="RainUpNoteP30003" x="381" y="1646" width="361" height="549" frameX="-1" frameY="-3" frameWidth="366" frameHeight="552"/>
	<SubTexture name="RainUpNoteP30004" x="762" y="1646" width="361" height="549" frameX="-1" frameY="-3" frameWidth="366" frameHeight="552"/>
	<SubTexture name="RainUpNoteP30005" x="762" y="1646" width="361" height="549" frameX="-1" frameY="-3" frameWidth="366" frameHeight="552"/>
	<SubTexture name="RainUpNoteP30006" x="762" y="1646" width="361" height="549" frameX="-1" frameY="-3" frameWidth="366" frameHeight="552"/>
	<SubTexture name="RainUpNoteP30007" x="762" y="1646" width="361" height="549" frameX="-1" frameY="-3" frameWidth="366" frameHeight="552"/>
	<SubTexture name="RainUpNoteP30008" x="762" y="1646" width="361" height="549" frameX="-1" frameY="-3" frameWidth="366" frameHeight="552"/>
	<SubTexture name="RainUpNoteP30009" x="762" y="1646" width="361" height="549" frameX="-1" frameY="-3" frameWidth="366" frameHeight="552"/>
	<SubTexture name="RainUpNoteP30010" x="762" y="1646" width="361" height="549" frameX="-1" frameY="-3" frameWidth="366" frameHeight="552"/>
	<SubTexture name="RainUpNoteP30011" x="762" y="1646" width="361" height="549" frameX="-1" frameY="-3" frameWidth="366" frameHeight="552"/>
	<SubTexture name="RainUpNoteP30012" x="762" y="1646" width="361" height="549" frameX="-1" frameY="-3" frameWidth="366" frameHeight="552"/>
	<SubTexture name="RainUpNoteP30013" x="762" y="1646" width="361" height="549" frameX="-1" frameY="-3" frameWidth="366" frameHeight="552"/>
</TextureAtlas>
