﻿<?xml version="1.0" encoding="utf-8"?>
<TextureAtlas imagePath="RainFnF2P2.png">
	<!-- Created with Adobe Animate version 22.0.0.93 -->
	<!-- http://www.adobe.com/products/animate.html -->
	<SubTexture name="RainDownNoteP20000" x="0" y="0" width="322" height="493" pivotX="0" pivotY="16.25" frameX="-4" frameY="-9" frameWidth="326" frameHeight="502"/>
	<SubTexture name="RainDownNoteP20001" x="0" y="0" width="322" height="493" frameX="-4" frameY="-9" frameWidth="326" frameHeight="502"/>
	<SubTexture name="RainDownNoteP20002" x="342" y="0" width="324" height="493" frameX="0" frameY="0" frameWidth="326" frameHeight="502"/>
	<SubTexture name="RainDownNoteP20003" x="342" y="0" width="324" height="493" frameX="0" frameY="0" frameWidth="326" frameHeight="502"/>
	<SubTexture name="RainDownNoteP20004" x="686" y="0" width="324" height="493" frameX="0" frameY="0" frameWidth="326" frameHeight="502"/>
	<SubTexture name="RainDownNoteP20005" x="686" y="0" width="324" height="493" frameX="0" frameY="0" frameWidth="326" frameHeight="502"/>
	<SubTexture name="RainDownNoteP20006" x="686" y="0" width="324" height="493" frameX="0" frameY="0" frameWidth="326" frameHeight="502"/>
	<SubTexture name="RainDownNoteP20007" x="686" y="0" width="324" height="493" frameX="0" frameY="0" frameWidth="326" frameHeight="502"/>
	<SubTexture name="RainDownNoteP20008" x="686" y="0" width="324" height="493" frameX="0" frameY="0" frameWidth="326" frameHeight="502"/>
	<SubTexture name="RainDownNoteP20009" x="686" y="0" width="324" height="493" frameX="0" frameY="0" frameWidth="326" frameHeight="502"/>
	<SubTexture name="RainDownNoteP20010" x="686" y="0" width="324" height="493" frameX="0" frameY="0" frameWidth="326" frameHeight="502"/>
	<SubTexture name="RainDownNoteP20011" x="686" y="0" width="324" height="493" frameX="0" frameY="0" frameWidth="326" frameHeight="502"/>
	<SubTexture name="RainDownNoteP20012" x="686" y="0" width="324" height="493" frameX="0" frameY="0" frameWidth="326" frameHeight="502"/>
	<SubTexture name="RainDownNoteP20013" x="686" y="0" width="324" height="493" frameX="0" frameY="0" frameWidth="326" frameHeight="502"/>
	<SubTexture name="RainIdleP20000" x="1030" y="0" width="400" height="503" pivotX="0" pivotY="22.45" frameX="-5" frameY="-20" frameWidth="405" frameHeight="524"/>
	<SubTexture name="RainIdleP20001" x="1030" y="0" width="400" height="503" frameX="-5" frameY="-20" frameWidth="405" frameHeight="524"/>
	<SubTexture name="RainIdleP20002" x="1450" y="0" width="399" height="509" frameX="-3" frameY="-13" frameWidth="405" frameHeight="524"/>
	<SubTexture name="RainIdleP20003" x="1450" y="0" width="399" height="509" frameX="-3" frameY="-13" frameWidth="405" frameHeight="524"/>
	<SubTexture name="RainIdleP20004" x="1869" y="0" width="399" height="517" frameX="0" frameY="-3" frameWidth="405" frameHeight="524"/>
	<SubTexture name="RainIdleP20005" x="1869" y="0" width="399" height="517" frameX="0" frameY="-3" frameWidth="405" frameHeight="524"/>
	<SubTexture name="RainIdleP20006" x="2288" y="0" width="396" height="519" frameX="0" frameY="-1" frameWidth="405" frameHeight="524"/>
	<SubTexture name="RainIdleP20007" x="2288" y="0" width="396" height="519" frameX="0" frameY="-1" frameWidth="405" frameHeight="524"/>
	<SubTexture name="RainIdleP20008" x="2288" y="0" width="396" height="519" frameX="0" frameY="-1" frameWidth="405" frameHeight="524"/>
	<SubTexture name="RainIdleP20009" x="2704" y="0" width="392" height="520" frameX="0" frameY="0" frameWidth="405" frameHeight="524"/>
	<SubTexture name="RainIdleP20010" x="2704" y="0" width="392" height="520" frameX="0" frameY="0" frameWidth="405" frameHeight="524"/>
	<SubTexture name="RainIdleP20011" x="2704" y="0" width="392" height="520" frameX="0" frameY="0" frameWidth="405" frameHeight="524"/>
	<SubTexture name="RainIdleP20012" x="3116" y="0" width="390" height="519" frameX="0" frameY="-1" frameWidth="405" frameHeight="524"/>
	<SubTexture name="RainIdleP20013" x="3116" y="0" width="390" height="519" frameX="0" frameY="-1" frameWidth="405" frameHeight="524"/>
	<SubTexture name="RainIdleP20014" x="3526" y="0" width="387" height="509" frameX="-5" frameY="-15" frameWidth="405" frameHeight="524"/>
	<SubTexture name="RainIdleP20015" x="3526" y="0" width="387" height="509" frameX="-5" frameY="-15" frameWidth="405" frameHeight="524"/>
	<SubTexture name="RainIdleP20016" x="0" y="540" width="393" height="511" frameX="-3" frameY="-12" frameWidth="405" frameHeight="524"/>
	<SubTexture name="RainIdleP20017" x="0" y="540" width="393" height="511" frameX="-3" frameY="-12" frameWidth="405" frameHeight="524"/>
	<SubTexture name="RainIdleP20018" x="413" y="540" width="396" height="514" frameX="0" frameY="-6" frameWidth="405" frameHeight="524"/>
	<SubTexture name="RainIdleP20019" x="413" y="540" width="396" height="514" frameX="0" frameY="-6" frameWidth="405" frameHeight="524"/>
	<SubTexture name="RainIdleP20020" x="829" y="540" width="396" height="519" frameX="0" frameY="-1" frameWidth="405" frameHeight="524"/>
	<SubTexture name="RainIdleP20021" x="829" y="540" width="396" height="519" frameX="0" frameY="-1" frameWidth="405" frameHeight="524"/>
	<SubTexture name="RainIdleP20022" x="829" y="540" width="396" height="519" frameX="0" frameY="-1" frameWidth="405" frameHeight="524"/>
	<SubTexture name="RainIdleP20023" x="1245" y="540" width="396" height="519" frameX="0" frameY="-1" frameWidth="405" frameHeight="524"/>
	<SubTexture name="RainIdleP20024" x="1661" y="540" width="399" height="519" frameX="0" frameY="-1" frameWidth="405" frameHeight="524"/>
	<SubTexture name="RainIdleP20025" x="1661" y="540" width="399" height="519" frameX="0" frameY="-1" frameWidth="405" frameHeight="524"/>
	<SubTexture name="RainIdleP20026" x="2080" y="540" width="402" height="513" frameX="0" frameY="-7" frameWidth="405" frameHeight="524"/>
	<SubTexture name="RainIdleP20027" x="2080" y="540" width="402" height="513" frameX="0" frameY="-7" frameWidth="405" frameHeight="524"/>
	<SubTexture name="RainLeftNoteP20000" x="2502" y="540" width="538" height="513" pivotX="2.25" pivotY="12.05" frameX="0" frameY="-7" frameWidth="549" frameHeight="520"/>
	<SubTexture name="RainLeftNoteP20001" x="2502" y="540" width="538" height="513" frameX="0" frameY="-7" frameWidth="549" frameHeight="520"/>
	<SubTexture name="RainLeftNoteP20002" x="3060" y="540" width="535" height="520" frameX="-2" frameY="0" frameWidth="549" frameHeight="520"/>
	<SubTexture name="RainLeftNoteP20003" x="0" y="1080" width="547" height="520" frameX="-2" frameY="0" frameWidth="549" frameHeight="520"/>
	<SubTexture name="RainLeftNoteP20004" x="567" y="1080" width="547" height="520" frameX="-2" frameY="0" frameWidth="549" frameHeight="520"/>
	<SubTexture name="RainLeftNoteP20005" x="567" y="1080" width="547" height="520" frameX="-2" frameY="0" frameWidth="549" frameHeight="520"/>
	<SubTexture name="RainLeftNoteP20006" x="567" y="1080" width="547" height="520" frameX="-2" frameY="0" frameWidth="549" frameHeight="520"/>
	<SubTexture name="RainLeftNoteP20007" x="567" y="1080" width="547" height="520" frameX="-2" frameY="0" frameWidth="549" frameHeight="520"/>
	<SubTexture name="RainLeftNoteP20008" x="567" y="1080" width="547" height="520" frameX="-2" frameY="0" frameWidth="549" frameHeight="520"/>
	<SubTexture name="RainLeftNoteP20009" x="567" y="1080" width="547" height="520" frameX="-2" frameY="0" frameWidth="549" frameHeight="520"/>
	<SubTexture name="RainLeftNoteP20010" x="567" y="1080" width="547" height="520" frameX="-2" frameY="0" frameWidth="549" frameHeight="520"/>
	<SubTexture name="RainLeftNoteP20011" x="567" y="1080" width="547" height="520" frameX="-2" frameY="0" frameWidth="549" frameHeight="520"/>
	<SubTexture name="RainLeftNoteP20012" x="567" y="1080" width="547" height="520" frameX="-2" frameY="0" frameWidth="549" frameHeight="520"/>
	<SubTexture name="RainLeftNoteP20013" x="567" y="1080" width="547" height="520" frameX="-2" frameY="0" frameWidth="549" frameHeight="520"/>
	<SubTexture name="RainRightNoteP20000" x="1134" y="1080" width="374" height="539" pivotX="0" pivotY="59.1" frameX="-2" frameY="-35" frameWidth="376" frameHeight="575"/>
	<SubTexture name="RainRightNoteP20001" x="1134" y="1080" width="374" height="539" frameX="-2" frameY="-35" frameWidth="376" frameHeight="575"/>
	<SubTexture name="RainRightNoteP20002" x="1528" y="1080" width="366" height="547" frameX="0" frameY="-28" frameWidth="376" frameHeight="575"/>
	<SubTexture name="RainRightNoteP20003" x="1914" y="1080" width="366" height="550" frameX="0" frameY="-25" frameWidth="376" frameHeight="575"/>
	<SubTexture name="RainRightNoteP20004" x="2300" y="1080" width="370" height="575" frameX="0" frameY="0" frameWidth="376" frameHeight="575"/>
	<SubTexture name="RainRightNoteP20005" x="2690" y="1080" width="370" height="574" frameX="0" frameY="-1" frameWidth="376" frameHeight="575"/>
	<SubTexture name="RainRightNoteP20006" x="2300" y="1080" width="370" height="575" frameX="0" frameY="0" frameWidth="376" frameHeight="575"/>
	<SubTexture name="RainRightNoteP20007" x="2300" y="1080" width="370" height="575" frameX="0" frameY="0" frameWidth="376" frameHeight="575"/>
	<SubTexture name="RainRightNoteP20008" x="2300" y="1080" width="370" height="575" frameX="0" frameY="0" frameWidth="376" frameHeight="575"/>
	<SubTexture name="RainRightNoteP20009" x="2300" y="1080" width="370" height="575" frameX="0" frameY="0" frameWidth="376" frameHeight="575"/>
	<SubTexture name="RainRightNoteP20010" x="2300" y="1080" width="370" height="575" frameX="0" frameY="0" frameWidth="376" frameHeight="575"/>
	<SubTexture name="RainRightNoteP20011" x="2300" y="1080" width="370" height="575" frameX="0" frameY="0" frameWidth="376" frameHeight="575"/>
	<SubTexture name="RainRightNoteP20012" x="2300" y="1080" width="370" height="575" frameX="0" frameY="0" frameWidth="376" frameHeight="575"/>
	<SubTexture name="RainRightNoteP20013" x="2300" y="1080" width="370" height="575" frameX="0" frameY="0" frameWidth="376" frameHeight="575"/>
	<SubTexture name="RainUpNoteP20000" x="3080" y="1080" width="355" height="537" pivotX="1.3" pivotY="17.25" frameX="0" frameY="0" frameWidth="355" frameHeight="542"/>
	<SubTexture name="RainUpNoteP20001" x="3080" y="1080" width="355" height="537" frameX="0" frameY="0" frameWidth="355" frameHeight="542"/>
	<SubTexture name="RainUpNoteP20002" x="3455" y="1080" width="347" height="539" frameX="-1" frameY="-3" frameWidth="355" frameHeight="542"/>
	<SubTexture name="RainUpNoteP20003" x="0" y="1675" width="347" height="539" frameX="-1" frameY="-3" frameWidth="355" frameHeight="542"/>
	<SubTexture name="RainUpNoteP20004" x="367" y="1675" width="345" height="539" frameX="-1" frameY="-3" frameWidth="355" frameHeight="542"/>
	<SubTexture name="RainUpNoteP20005" x="367" y="1675" width="345" height="539" frameX="-1" frameY="-3" frameWidth="355" frameHeight="542"/>
	<SubTexture name="RainUpNoteP20006" x="367" y="1675" width="345" height="539" frameX="-1" frameY="-3" frameWidth="355" frameHeight="542"/>
	<SubTexture name="RainUpNoteP20007" x="367" y="1675" width="345" height="539" frameX="-1" frameY="-3" frameWidth="355" frameHeight="542"/>
	<SubTexture name="RainUpNoteP20008" x="367" y="1675" width="345" height="539" frameX="-1" frameY="-3" frameWidth="355" frameHeight="542"/>
	<SubTexture name="RainUpNoteP20009" x="367" y="1675" width="345" height="539" frameX="-1" frameY="-3" frameWidth="355" frameHeight="542"/>
	<SubTexture name="RainUpNoteP20010" x="367" y="1675" width="345" height="539" frameX="-1" frameY="-3" frameWidth="355" frameHeight="542"/>
	<SubTexture name="RainUpNoteP20011" x="367" y="1675" width="345" height="539" frameX="-1" frameY="-3" frameWidth="355" frameHeight="542"/>
	<SubTexture name="RainUpNoteP20012" x="367" y="1675" width="345" height="539" frameX="-1" frameY="-3" frameWidth="355" frameHeight="542"/>
	<SubTexture name="RainUpNoteP20013" x="367" y="1675" width="345" height="539" frameX="-1" frameY="-3" frameWidth="355" frameHeight="542"/>
</TextureAtlas>
