﻿<?xml version="1.0" encoding="utf-8"?>
<TextureAtlas imagePath="JayceFNF.png">
	<!-- Created with Adobe Animate version 22.0.0.93 -->
	<!-- http://www.adobe.com/products/animate.html -->
	<SubTexture name="JayceDefaultIdle0000" x="0" y="0" width="273" height="366" pivotX="5" pivotY="0" frameX="0" frameY="-17" frameWidth="279" frameHeight="384"/>
	<SubTexture name="JayceDefaultIdle0001" x="293" y="0" width="273" height="369" frameX="0" frameY="-14" frameWidth="279" frameHeight="384"/>
	<SubTexture name="JayceDefaultIdle0002" x="586" y="0" width="275" height="373" frameX="-3" frameY="-11" frameWidth="279" frameHeight="384"/>
	<SubTexture name="JayceDefaultIdle0003" x="881" y="0" width="275" height="376" frameX="-3" frameY="-8" frameWidth="279" frameHeight="384"/>
	<SubTexture name="JayceDefaultIdle0004" x="1176" y="0" width="274" height="378" frameX="-5" frameY="-5" frameWidth="279" frameHeight="384"/>
	<SubTexture name="JayceDefaultIdle0005" x="1470" y="0" width="274" height="381" frameX="-5" frameY="-2" frameWidth="279" frameHeight="384"/>
	<SubTexture name="JayceDefaultIdle0006" x="1764" y="0" width="274" height="383" frameX="-5" frameY="0" frameWidth="279" frameHeight="384"/>
	<SubTexture name="JayceDefaultIdle0007" x="1764" y="0" width="274" height="383" frameX="-5" frameY="0" frameWidth="279" frameHeight="384"/>
	<SubTexture name="JayceDefaultIdle0008" x="1764" y="0" width="274" height="383" frameX="-5" frameY="0" frameWidth="279" frameHeight="384"/>
	<SubTexture name="JayceDefaultIdle0009" x="1764" y="0" width="274" height="383" frameX="-5" frameY="0" frameWidth="279" frameHeight="384"/>
	<SubTexture name="JayceDefaultIdle0010" x="1764" y="0" width="274" height="383" frameX="-5" frameY="0" frameWidth="279" frameHeight="384"/>
	<SubTexture name="JayceDefaultIdle0011" x="1764" y="0" width="274" height="383" frameX="-5" frameY="0" frameWidth="279" frameHeight="384"/>
	<SubTexture name="JayceDefaultIdle0012" x="1764" y="0" width="274" height="383" frameX="-5" frameY="0" frameWidth="279" frameHeight="384"/>
	<SubTexture name="JayceDefaultIdle0013" x="1764" y="0" width="274" height="383" frameX="-5" frameY="0" frameWidth="279" frameHeight="384"/>
	<SubTexture name="JayceDownNote0000" x="0" y="403" width="296" height="350" pivotX="-0.35" pivotY="0" frameX="0" frameY="-5" frameWidth="296" frameHeight="356"/>
	<SubTexture name="JayceDownNote0001" x="0" y="403" width="296" height="350" frameX="0" frameY="-5" frameWidth="296" frameHeight="356"/>
	<SubTexture name="JayceDownNote0002" x="316" y="403" width="289" height="356" frameX="-1" frameY="0" frameWidth="296" frameHeight="356"/>
	<SubTexture name="JayceDownNote0003" x="316" y="403" width="289" height="356" frameX="-1" frameY="0" frameWidth="296" frameHeight="356"/>
	<SubTexture name="JayceDownNote0004" x="316" y="403" width="289" height="356" frameX="-1" frameY="0" frameWidth="296" frameHeight="356"/>
	<SubTexture name="JayceDownNote0005" x="316" y="403" width="289" height="356" frameX="-1" frameY="0" frameWidth="296" frameHeight="356"/>
	<SubTexture name="JayceDownNote0006" x="316" y="403" width="289" height="356" frameX="-1" frameY="0" frameWidth="296" frameHeight="356"/>
	<SubTexture name="JayceDownNote0007" x="316" y="403" width="289" height="356" frameX="-1" frameY="0" frameWidth="296" frameHeight="356"/>
	<SubTexture name="JayceDownNote0008" x="316" y="403" width="289" height="356" frameX="-1" frameY="0" frameWidth="296" frameHeight="356"/>
	<SubTexture name="JayceDownNote0009" x="316" y="403" width="289" height="356" frameX="-1" frameY="0" frameWidth="296" frameHeight="356"/>
	<SubTexture name="JayceDownNote0010" x="316" y="403" width="289" height="356" frameX="-1" frameY="0" frameWidth="296" frameHeight="356"/>
	<SubTexture name="JayceDownNote0011" x="316" y="403" width="289" height="356" frameX="-1" frameY="0" frameWidth="296" frameHeight="356"/>
	<SubTexture name="JayceDownNote0012" x="316" y="403" width="289" height="356" frameX="-1" frameY="0" frameWidth="296" frameHeight="356"/>
	<SubTexture name="JayceDownNote0013" x="316" y="403" width="289" height="356" frameX="-1" frameY="0" frameWidth="296" frameHeight="356"/>
	<SubTexture name="JayceLeftNote0000" x="625" y="403" width="411" height="380" pivotX="-152" pivotY="-544.75" frameX="0" frameY="-6" frameWidth="418" frameHeight="386"/>
	<SubTexture name="JayceLeftNote0001" x="625" y="403" width="411" height="380" frameX="0" frameY="-6" frameWidth="418" frameHeight="386"/>
	<SubTexture name="JayceLeftNote0002" x="1056" y="403" width="416" height="385" frameX="-2" frameY="0" frameWidth="418" frameHeight="386"/>
	<SubTexture name="JayceLeftNote0003" x="1056" y="403" width="416" height="385" frameX="-2" frameY="0" frameWidth="418" frameHeight="386"/>
	<SubTexture name="JayceLeftNote0004" x="1056" y="403" width="416" height="385" frameX="-2" frameY="0" frameWidth="418" frameHeight="386"/>
	<SubTexture name="JayceLeftNote0005" x="1056" y="403" width="416" height="385" frameX="-2" frameY="0" frameWidth="418" frameHeight="386"/>
	<SubTexture name="JayceLeftNote0006" x="1056" y="403" width="416" height="385" frameX="-2" frameY="0" frameWidth="418" frameHeight="386"/>
	<SubTexture name="JayceLeftNote0007" x="1056" y="403" width="416" height="385" frameX="-2" frameY="0" frameWidth="418" frameHeight="386"/>
	<SubTexture name="JayceLeftNote0008" x="1056" y="403" width="416" height="385" frameX="-2" frameY="0" frameWidth="418" frameHeight="386"/>
	<SubTexture name="JayceLeftNote0009" x="1056" y="403" width="416" height="385" frameX="-2" frameY="0" frameWidth="418" frameHeight="386"/>
	<SubTexture name="JayceLeftNote0010" x="1056" y="403" width="416" height="385" frameX="-2" frameY="0" frameWidth="418" frameHeight="386"/>
	<SubTexture name="JayceLeftNote0011" x="1056" y="403" width="416" height="385" frameX="-2" frameY="0" frameWidth="418" frameHeight="386"/>
	<SubTexture name="JayceLeftNote0012" x="1056" y="403" width="416" height="385" frameX="-2" frameY="0" frameWidth="418" frameHeight="386"/>
	<SubTexture name="JayceLeftNote0013" x="1056" y="403" width="416" height="385" frameX="-2" frameY="0" frameWidth="418" frameHeight="386"/>
	<SubTexture name="JayceRightNote0000" x="1492" y="403" width="324" height="374" pivotX="-0.05" pivotY="0" frameX="-3" frameY="-4" frameWidth="327" frameHeight="379"/>
	<SubTexture name="JayceRightNote0001" x="1492" y="403" width="324" height="374" frameX="-3" frameY="-4" frameWidth="327" frameHeight="379"/>
	<SubTexture name="JayceRightNote0002" x="0" y="808" width="323" height="379" frameX="0" frameY="0" frameWidth="327" frameHeight="379"/>
	<SubTexture name="JayceRightNote0003" x="0" y="808" width="323" height="379" frameX="0" frameY="0" frameWidth="327" frameHeight="379"/>
	<SubTexture name="JayceRightNote0004" x="0" y="808" width="323" height="379" frameX="0" frameY="0" frameWidth="327" frameHeight="379"/>
	<SubTexture name="JayceRightNote0005" x="0" y="808" width="323" height="379" frameX="0" frameY="0" frameWidth="327" frameHeight="379"/>
	<SubTexture name="JayceRightNote0006" x="0" y="808" width="323" height="379" frameX="0" frameY="0" frameWidth="327" frameHeight="379"/>
	<SubTexture name="JayceRightNote0007" x="0" y="808" width="323" height="379" frameX="0" frameY="0" frameWidth="327" frameHeight="379"/>
	<SubTexture name="JayceRightNote0008" x="0" y="808" width="323" height="379" frameX="0" frameY="0" frameWidth="327" frameHeight="379"/>
	<SubTexture name="JayceRightNote0009" x="0" y="808" width="323" height="379" frameX="0" frameY="0" frameWidth="327" frameHeight="379"/>
	<SubTexture name="JayceRightNote0010" x="0" y="808" width="323" height="379" frameX="0" frameY="0" frameWidth="327" frameHeight="379"/>
	<SubTexture name="JayceRightNote0011" x="0" y="808" width="323" height="379" frameX="0" frameY="0" frameWidth="327" frameHeight="379"/>
	<SubTexture name="JayceRightNote0012" x="0" y="808" width="323" height="379" frameX="0" frameY="0" frameWidth="327" frameHeight="379"/>
	<SubTexture name="JayceRightNote0013" x="0" y="808" width="323" height="379" frameX="0" frameY="0" frameWidth="327" frameHeight="379"/>
	<SubTexture name="JayceUpNote0000" x="343" y="808" width="326" height="402" pivotX="-3.65" pivotY="0.35" frameX="-3" frameY="0" frameWidth="329" frameHeight="402"/>
	<SubTexture name="JayceUpNote0001" x="343" y="808" width="326" height="402" frameX="-3" frameY="0" frameWidth="329" frameHeight="402"/>
	<SubTexture name="JayceUpNote0002" x="689" y="808" width="327" height="396" frameX="0" frameY="-6" frameWidth="329" frameHeight="402"/>
	<SubTexture name="JayceUpNote0003" x="689" y="808" width="327" height="396" frameX="0" frameY="-6" frameWidth="329" frameHeight="402"/>
	<SubTexture name="JayceUpNote0004" x="689" y="808" width="327" height="396" frameX="0" frameY="-6" frameWidth="329" frameHeight="402"/>
	<SubTexture name="JayceUpNote0005" x="689" y="808" width="327" height="396" frameX="0" frameY="-6" frameWidth="329" frameHeight="402"/>
	<SubTexture name="JayceUpNote0006" x="689" y="808" width="327" height="396" frameX="0" frameY="-6" frameWidth="329" frameHeight="402"/>
	<SubTexture name="JayceUpNote0007" x="689" y="808" width="327" height="396" frameX="0" frameY="-6" frameWidth="329" frameHeight="402"/>
	<SubTexture name="JayceUpNote0008" x="689" y="808" width="327" height="396" frameX="0" frameY="-6" frameWidth="329" frameHeight="402"/>
	<SubTexture name="JayceUpNote0009" x="689" y="808" width="327" height="396" frameX="0" frameY="-6" frameWidth="329" frameHeight="402"/>
	<SubTexture name="JayceUpNote0010" x="689" y="808" width="327" height="396" frameX="0" frameY="-6" frameWidth="329" frameHeight="402"/>
	<SubTexture name="JayceUpNote0011" x="689" y="808" width="327" height="396" frameX="0" frameY="-6" frameWidth="329" frameHeight="402"/>
	<SubTexture name="JayceUpNote0012" x="689" y="808" width="327" height="396" frameX="0" frameY="-6" frameWidth="329" frameHeight="402"/>
	<SubTexture name="JayceUpNote0013" x="689" y="808" width="327" height="396" frameX="0" frameY="-6" frameWidth="329" frameHeight="402"/>
</TextureAtlas>
