﻿<?xml version="1.0" encoding="utf-8"?>
<TextureAtlas imagePath="RainFnF2P2.png">
	<!-- Created with Adobe Animate version 22.0.0.93 -->
	<!-- http://www.adobe.com/products/animate.html -->
	<SubTexture name="RainDownNoteP20000" x="0" y="0" width="322" height="493" frameX="-4" frameY="-9" frameWidth="326" frameHeight="502"/>
	<SubTexture name="RainDownNoteP20001" x="0" y="0" width="322" height="493" frameX="-4" frameY="-9" frameWidth="326" frameHeight="502"/>
	<SubTexture name="RainDownNoteP20002" x="322" y="0" width="324" height="493" frameX="0" frameY="0" frameWidth="326" frameHeight="502"/>
	<SubTexture name="RainDownNoteP20003" x="322" y="0" width="324" height="493" frameX="0" frameY="0" frameWidth="326" frameHeight="502"/>
	<SubTexture name="RainDownNoteP20004" x="646" y="0" width="324" height="493" frameX="0" frameY="0" frameWidth="326" frameHeight="502"/>
	<SubTexture name="RainDownNoteP20005" x="646" y="0" width="324" height="493" frameX="0" frameY="0" frameWidth="326" frameHeight="502"/>
	<SubTexture name="RainDownNoteP20006" x="646" y="0" width="324" height="493" frameX="0" frameY="0" frameWidth="326" frameHeight="502"/>
	<SubTexture name="RainDownNoteP20007" x="646" y="0" width="324" height="493" frameX="0" frameY="0" frameWidth="326" frameHeight="502"/>
	<SubTexture name="RainDownNoteP20008" x="646" y="0" width="324" height="493" frameX="0" frameY="0" frameWidth="326" frameHeight="502"/>
	<SubTexture name="RainDownNoteP20009" x="646" y="0" width="324" height="493" frameX="0" frameY="0" frameWidth="326" frameHeight="502"/>
	<SubTexture name="RainDownNoteP20010" x="646" y="0" width="324" height="493" frameX="0" frameY="0" frameWidth="326" frameHeight="502"/>
	<SubTexture name="RainDownNoteP20011" x="646" y="0" width="324" height="493" frameX="0" frameY="0" frameWidth="326" frameHeight="502"/>
	<SubTexture name="RainDownNoteP20012" x="646" y="0" width="324" height="493" frameX="0" frameY="0" frameWidth="326" frameHeight="502"/>
	<SubTexture name="RainDownNoteP20013" x="646" y="0" width="324" height="493" frameX="0" frameY="0" frameWidth="326" frameHeight="502"/>
	<SubTexture name="RainIdleP20000" x="970" y="0" width="400" height="503" frameX="-5" frameY="-20" frameWidth="405" frameHeight="524"/>
	<SubTexture name="RainIdleP20001" x="970" y="0" width="400" height="503" frameX="-5" frameY="-20" frameWidth="405" frameHeight="524"/>
	<SubTexture name="RainIdleP20002" x="1370" y="0" width="399" height="509" frameX="-3" frameY="-13" frameWidth="405" frameHeight="524"/>
	<SubTexture name="RainIdleP20003" x="1370" y="0" width="399" height="509" frameX="-3" frameY="-13" frameWidth="405" frameHeight="524"/>
	<SubTexture name="RainIdleP20004" x="1769" y="0" width="399" height="517" frameX="0" frameY="-3" frameWidth="405" frameHeight="524"/>
	<SubTexture name="RainIdleP20005" x="1769" y="0" width="399" height="517" frameX="0" frameY="-3" frameWidth="405" frameHeight="524"/>
	<SubTexture name="RainIdleP20006" x="2168" y="0" width="396" height="519" frameX="0" frameY="-1" frameWidth="405" frameHeight="524"/>
	<SubTexture name="RainIdleP20007" x="2168" y="0" width="396" height="519" frameX="0" frameY="-1" frameWidth="405" frameHeight="524"/>
	<SubTexture name="RainIdleP20008" x="2168" y="0" width="396" height="519" frameX="0" frameY="-1" frameWidth="405" frameHeight="524"/>
	<SubTexture name="RainIdleP20009" x="2564" y="0" width="392" height="520" frameX="0" frameY="0" frameWidth="405" frameHeight="524"/>
	<SubTexture name="RainIdleP20010" x="2564" y="0" width="392" height="520" frameX="0" frameY="0" frameWidth="405" frameHeight="524"/>
	<SubTexture name="RainIdleP20011" x="2564" y="0" width="392" height="520" frameX="0" frameY="0" frameWidth="405" frameHeight="524"/>
	<SubTexture name="RainIdleP20012" x="2956" y="0" width="390" height="519" frameX="0" frameY="-1" frameWidth="405" frameHeight="524"/>
	<SubTexture name="RainIdleP20013" x="2956" y="0" width="390" height="519" frameX="0" frameY="-1" frameWidth="405" frameHeight="524"/>
	<SubTexture name="RainIdleP20014" x="3346" y="0" width="387" height="509" frameX="-5" frameY="-15" frameWidth="405" frameHeight="524"/>
	<SubTexture name="RainIdleP20015" x="3346" y="0" width="387" height="509" frameX="-5" frameY="-15" frameWidth="405" frameHeight="524"/>
	<SubTexture name="RainIdleP20016" x="0" y="520" width="393" height="511" frameX="-3" frameY="-12" frameWidth="405" frameHeight="524"/>
	<SubTexture name="RainIdleP20017" x="0" y="520" width="393" height="511" frameX="-3" frameY="-12" frameWidth="405" frameHeight="524"/>
	<SubTexture name="RainIdleP20018" x="393" y="520" width="396" height="514" frameX="0" frameY="-6" frameWidth="405" frameHeight="524"/>
	<SubTexture name="RainIdleP20019" x="393" y="520" width="396" height="514" frameX="0" frameY="-6" frameWidth="405" frameHeight="524"/>
	<SubTexture name="RainIdleP20020" x="789" y="520" width="396" height="519" frameX="0" frameY="-1" frameWidth="405" frameHeight="524"/>
	<SubTexture name="RainIdleP20021" x="789" y="520" width="396" height="519" frameX="0" frameY="-1" frameWidth="405" frameHeight="524"/>
	<SubTexture name="RainIdleP20022" x="789" y="520" width="396" height="519" frameX="0" frameY="-1" frameWidth="405" frameHeight="524"/>
	<SubTexture name="RainIdleP20023" x="1185" y="520" width="396" height="519" frameX="0" frameY="-1" frameWidth="405" frameHeight="524"/>
	<SubTexture name="RainIdleP20024" x="1581" y="520" width="399" height="519" frameX="0" frameY="-1" frameWidth="405" frameHeight="524"/>
	<SubTexture name="RainIdleP20025" x="1581" y="520" width="399" height="519" frameX="0" frameY="-1" frameWidth="405" frameHeight="524"/>
	<SubTexture name="RainIdleP20026" x="1980" y="520" width="402" height="513" frameX="0" frameY="-7" frameWidth="405" frameHeight="524"/>
	<SubTexture name="RainIdleP20027" x="1980" y="520" width="402" height="513" frameX="0" frameY="-7" frameWidth="405" frameHeight="524"/>
	<SubTexture name="RainLeftNoteP20000" x="2382" y="520" width="538" height="513" frameX="0" frameY="-7" frameWidth="549" frameHeight="520"/>
	<SubTexture name="RainLeftNoteP20001" x="2382" y="520" width="538" height="513" frameX="0" frameY="-7" frameWidth="549" frameHeight="520"/>
	<SubTexture name="RainLeftNoteP20002" x="2920" y="520" width="535" height="520" frameX="-2" frameY="0" frameWidth="549" frameHeight="520"/>
	<SubTexture name="RainLeftNoteP20003" x="3455" y="520" width="547" height="520" frameX="-2" frameY="0" frameWidth="549" frameHeight="520"/>
	<SubTexture name="RainLeftNoteP20004" x="0" y="1040" width="547" height="520" frameX="-2" frameY="0" frameWidth="549" frameHeight="520"/>
	<SubTexture name="RainLeftNoteP20005" x="0" y="1040" width="547" height="520" frameX="-2" frameY="0" frameWidth="549" frameHeight="520"/>
	<SubTexture name="RainLeftNoteP20006" x="0" y="1040" width="547" height="520" frameX="-2" frameY="0" frameWidth="549" frameHeight="520"/>
	<SubTexture name="RainLeftNoteP20007" x="0" y="1040" width="547" height="520" frameX="-2" frameY="0" frameWidth="549" frameHeight="520"/>
	<SubTexture name="RainLeftNoteP20008" x="0" y="1040" width="547" height="520" frameX="-2" frameY="0" frameWidth="549" frameHeight="520"/>
	<SubTexture name="RainLeftNoteP20009" x="0" y="1040" width="547" height="520" frameX="-2" frameY="0" frameWidth="549" frameHeight="520"/>
	<SubTexture name="RainLeftNoteP20010" x="0" y="1040" width="547" height="520" frameX="-2" frameY="0" frameWidth="549" frameHeight="520"/>
	<SubTexture name="RainLeftNoteP20011" x="0" y="1040" width="547" height="520" frameX="-2" frameY="0" frameWidth="549" frameHeight="520"/>
	<SubTexture name="RainLeftNoteP20012" x="0" y="1040" width="547" height="520" frameX="-2" frameY="0" frameWidth="549" frameHeight="520"/>
	<SubTexture name="RainLeftNoteP20013" x="0" y="1040" width="547" height="520" frameX="-2" frameY="0" frameWidth="549" frameHeight="520"/>
	<SubTexture name="RainRightNoteP20000" x="547" y="1040" width="374" height="539" frameX="-2" frameY="-35" frameWidth="376" frameHeight="575"/>
	<SubTexture name="RainRightNoteP20001" x="547" y="1040" width="374" height="539" frameX="-2" frameY="-35" frameWidth="376" frameHeight="575"/>
	<SubTexture name="RainRightNoteP20002" x="921" y="1040" width="366" height="547" frameX="0" frameY="-28" frameWidth="376" frameHeight="575"/>
	<SubTexture name="RainRightNoteP20003" x="1287" y="1040" width="366" height="550" frameX="0" frameY="-25" frameWidth="376" frameHeight="575"/>
	<SubTexture name="RainRightNoteP20004" x="1653" y="1040" width="370" height="575" frameX="0" frameY="0" frameWidth="376" frameHeight="575"/>
	<SubTexture name="RainRightNoteP20005" x="2023" y="1040" width="370" height="574" frameX="0" frameY="-1" frameWidth="376" frameHeight="575"/>
	<SubTexture name="RainRightNoteP20006" x="1653" y="1040" width="370" height="575" frameX="0" frameY="0" frameWidth="376" frameHeight="575"/>
	<SubTexture name="RainRightNoteP20007" x="1653" y="1040" width="370" height="575" frameX="0" frameY="0" frameWidth="376" frameHeight="575"/>
	<SubTexture name="RainRightNoteP20008" x="1653" y="1040" width="370" height="575" frameX="0" frameY="0" frameWidth="376" frameHeight="575"/>
	<SubTexture name="RainRightNoteP20009" x="1653" y="1040" width="370" height="575" frameX="0" frameY="0" frameWidth="376" frameHeight="575"/>
	<SubTexture name="RainRightNoteP20010" x="1653" y="1040" width="370" height="575" frameX="0" frameY="0" frameWidth="376" frameHeight="575"/>
	<SubTexture name="RainRightNoteP20011" x="1653" y="1040" width="370" height="575" frameX="0" frameY="0" frameWidth="376" frameHeight="575"/>
	<SubTexture name="RainRightNoteP20012" x="1653" y="1040" width="370" height="575" frameX="0" frameY="0" frameWidth="376" frameHeight="575"/>
	<SubTexture name="RainRightNoteP20013" x="1653" y="1040" width="370" height="575" frameX="0" frameY="0" frameWidth="376" frameHeight="575"/>
	<SubTexture name="RainUpNoteP20000" x="2393" y="1040" width="355" height="537" frameX="0" frameY="0" frameWidth="355" frameHeight="542"/>
	<SubTexture name="RainUpNoteP20001" x="2393" y="1040" width="355" height="537" frameX="0" frameY="0" frameWidth="355" frameHeight="542"/>
	<SubTexture name="RainUpNoteP20002" x="2748" y="1040" width="347" height="539" frameX="-1" frameY="-3" frameWidth="355" frameHeight="542"/>
	<SubTexture name="RainUpNoteP20003" x="3095" y="1040" width="347" height="539" frameX="-1" frameY="-3" frameWidth="355" frameHeight="542"/>
	<SubTexture name="RainUpNoteP20004" x="3442" y="1040" width="345" height="539" frameX="-1" frameY="-3" frameWidth="355" frameHeight="542"/>
	<SubTexture name="RainUpNoteP20005" x="3442" y="1040" width="345" height="539" frameX="-1" frameY="-3" frameWidth="355" frameHeight="542"/>
	<SubTexture name="RainUpNoteP20006" x="3442" y="1040" width="345" height="539" frameX="-1" frameY="-3" frameWidth="355" frameHeight="542"/>
	<SubTexture name="RainUpNoteP20007" x="3442" y="1040" width="345" height="539" frameX="-1" frameY="-3" frameWidth="355" frameHeight="542"/>
	<SubTexture name="RainUpNoteP20008" x="3442" y="1040" width="345" height="539" frameX="-1" frameY="-3" frameWidth="355" frameHeight="542"/>
	<SubTexture name="RainUpNoteP20009" x="3442" y="1040" width="345" height="539" frameX="-1" frameY="-3" frameWidth="355" frameHeight="542"/>
	<SubTexture name="RainUpNoteP20010" x="3442" y="1040" width="345" height="539" frameX="-1" frameY="-3" frameWidth="355" frameHeight="542"/>
	<SubTexture name="RainUpNoteP20011" x="3442" y="1040" width="345" height="539" frameX="-1" frameY="-3" frameWidth="355" frameHeight="542"/>
	<SubTexture name="RainUpNoteP20012" x="3442" y="1040" width="345" height="539" frameX="-1" frameY="-3" frameWidth="355" frameHeight="542"/>
	<SubTexture name="RainUpNoteP20013" x="3442" y="1040" width="345" height="539" frameX="-1" frameY="-3" frameWidth="355" frameHeight="542"/>
</TextureAtlas>
