﻿<?xml version="1.0" encoding="utf-8"?>
<TextureAtlas imagePath="RainFnF2.png">
	<!-- Created with Adobe Animate version 22.0.0.93 -->
	<!-- http://www.adobe.com/products/animate.html -->
	<SubTexture name="RainDownNote0000" x="0" y="0" width="321" height="491" frameX="-4" frameY="-11" frameWidth="325" frameHeight="502"/>
	<SubTexture name="RainDownNote0001" x="0" y="0" width="321" height="491" frameX="-4" frameY="-11" frameWidth="325" frameHeight="502"/>
	<SubTexture name="RainDownNote0002" x="321" y="0" width="320" height="493" frameX="0" frameY="0" frameWidth="325" frameHeight="502"/>
	<SubTexture name="RainDownNote0003" x="321" y="0" width="320" height="493" frameX="0" frameY="0" frameWidth="325" frameHeight="502"/>
	<SubTexture name="RainDownNote0004" x="641" y="0" width="320" height="493" frameX="0" frameY="0" frameWidth="325" frameHeight="502"/>
	<SubTexture name="RainDownNote0005" x="641" y="0" width="320" height="493" frameX="0" frameY="0" frameWidth="325" frameHeight="502"/>
	<SubTexture name="RainDownNote0006" x="641" y="0" width="320" height="493" frameX="0" frameY="0" frameWidth="325" frameHeight="502"/>
	<SubTexture name="RainDownNote0007" x="641" y="0" width="320" height="493" frameX="0" frameY="0" frameWidth="325" frameHeight="502"/>
	<SubTexture name="RainDownNote0008" x="641" y="0" width="320" height="493" frameX="0" frameY="0" frameWidth="325" frameHeight="502"/>
	<SubTexture name="RainDownNote0009" x="641" y="0" width="320" height="493" frameX="0" frameY="0" frameWidth="325" frameHeight="502"/>
	<SubTexture name="RainDownNote0010" x="641" y="0" width="320" height="493" frameX="0" frameY="0" frameWidth="325" frameHeight="502"/>
	<SubTexture name="RainDownNote0011" x="641" y="0" width="320" height="493" frameX="0" frameY="0" frameWidth="325" frameHeight="502"/>
	<SubTexture name="RainDownNote0012" x="641" y="0" width="320" height="493" frameX="0" frameY="0" frameWidth="325" frameHeight="502"/>
	<SubTexture name="RainDownNote0013" x="641" y="0" width="320" height="493" frameX="0" frameY="0" frameWidth="325" frameHeight="502"/>
	<SubTexture name="RainIdle0000" x="961" y="0" width="400" height="503" frameX="-5" frameY="-19" frameWidth="405" frameHeight="523"/>
	<SubTexture name="RainIdle0001" x="961" y="0" width="400" height="503" frameX="-5" frameY="-19" frameWidth="405" frameHeight="523"/>
	<SubTexture name="RainIdle0002" x="1361" y="0" width="399" height="509" frameX="-3" frameY="-12" frameWidth="405" frameHeight="523"/>
	<SubTexture name="RainIdle0003" x="1361" y="0" width="399" height="509" frameX="-3" frameY="-12" frameWidth="405" frameHeight="523"/>
	<SubTexture name="RainIdle0004" x="1760" y="0" width="399" height="517" frameX="0" frameY="-2" frameWidth="405" frameHeight="523"/>
	<SubTexture name="RainIdle0005" x="1760" y="0" width="399" height="517" frameX="0" frameY="-2" frameWidth="405" frameHeight="523"/>
	<SubTexture name="RainIdle0006" x="2159" y="0" width="396" height="518" frameX="0" frameY="-1" frameWidth="405" frameHeight="523"/>
	<SubTexture name="RainIdle0007" x="2159" y="0" width="396" height="518" frameX="0" frameY="-1" frameWidth="405" frameHeight="523"/>
	<SubTexture name="RainIdle0008" x="2159" y="0" width="396" height="518" frameX="0" frameY="-1" frameWidth="405" frameHeight="523"/>
	<SubTexture name="RainIdle0009" x="2555" y="0" width="392" height="519" frameX="0" frameY="0" frameWidth="405" frameHeight="523"/>
	<SubTexture name="RainIdle0010" x="2555" y="0" width="392" height="519" frameX="0" frameY="0" frameWidth="405" frameHeight="523"/>
	<SubTexture name="RainIdle0011" x="2555" y="0" width="392" height="519" frameX="0" frameY="0" frameWidth="405" frameHeight="523"/>
	<SubTexture name="RainIdle0012" x="2947" y="0" width="390" height="517" frameX="0" frameY="-2" frameWidth="405" frameHeight="523"/>
	<SubTexture name="RainIdle0013" x="2947" y="0" width="390" height="517" frameX="0" frameY="-2" frameWidth="405" frameHeight="523"/>
	<SubTexture name="RainIdle0014" x="3337" y="0" width="387" height="506" frameX="-5" frameY="-17" frameWidth="405" frameHeight="523"/>
	<SubTexture name="RainIdle0015" x="3337" y="0" width="387" height="506" frameX="-5" frameY="-17" frameWidth="405" frameHeight="523"/>
	<SubTexture name="RainIdle0016" x="0" y="519" width="393" height="511" frameX="-3" frameY="-11" frameWidth="405" frameHeight="523"/>
	<SubTexture name="RainIdle0017" x="0" y="519" width="393" height="511" frameX="-3" frameY="-11" frameWidth="405" frameHeight="523"/>
	<SubTexture name="RainIdle0018" x="393" y="519" width="396" height="511" frameX="0" frameY="-8" frameWidth="405" frameHeight="523"/>
	<SubTexture name="RainIdle0019" x="393" y="519" width="396" height="511" frameX="0" frameY="-8" frameWidth="405" frameHeight="523"/>
	<SubTexture name="RainIdle0020" x="789" y="519" width="396" height="518" frameX="0" frameY="-1" frameWidth="405" frameHeight="523"/>
	<SubTexture name="RainIdle0021" x="789" y="519" width="396" height="518" frameX="0" frameY="-1" frameWidth="405" frameHeight="523"/>
	<SubTexture name="RainIdle0022" x="789" y="519" width="396" height="518" frameX="0" frameY="-1" frameWidth="405" frameHeight="523"/>
	<SubTexture name="RainIdle0023" x="1185" y="519" width="396" height="518" frameX="0" frameY="-1" frameWidth="405" frameHeight="523"/>
	<SubTexture name="RainIdle0024" x="1581" y="519" width="399" height="518" frameX="0" frameY="-1" frameWidth="405" frameHeight="523"/>
	<SubTexture name="RainIdle0025" x="1581" y="519" width="399" height="518" frameX="0" frameY="-1" frameWidth="405" frameHeight="523"/>
	<SubTexture name="RainIdle0026" x="1980" y="519" width="402" height="513" frameX="0" frameY="-6" frameWidth="405" frameHeight="523"/>
	<SubTexture name="RainIdle0027" x="1980" y="519" width="402" height="513" frameX="0" frameY="-6" frameWidth="405" frameHeight="523"/>
	<SubTexture name="RainLeftNote0000" x="2382" y="519" width="316" height="518" frameX="0" frameY="-15" frameWidth="331" frameHeight="533"/>
	<SubTexture name="RainLeftNote0001" x="2382" y="519" width="316" height="518" frameX="0" frameY="-15" frameWidth="331" frameHeight="533"/>
	<SubTexture name="RainLeftNote0002" x="2698" y="519" width="315" height="523" frameX="-2" frameY="-10" frameWidth="331" frameHeight="533"/>
	<SubTexture name="RainLeftNote0003" x="3013" y="519" width="322" height="529" frameX="-2" frameY="-4" frameWidth="331" frameHeight="533"/>
	<SubTexture name="RainLeftNote0004" x="3335" y="519" width="329" height="533" frameX="-2" frameY="0" frameWidth="331" frameHeight="533"/>
	<SubTexture name="RainLeftNote0005" x="3335" y="519" width="329" height="533" frameX="-2" frameY="0" frameWidth="331" frameHeight="533"/>
	<SubTexture name="RainLeftNote0006" x="3335" y="519" width="329" height="533" frameX="-2" frameY="0" frameWidth="331" frameHeight="533"/>
	<SubTexture name="RainLeftNote0007" x="3335" y="519" width="329" height="533" frameX="-2" frameY="0" frameWidth="331" frameHeight="533"/>
	<SubTexture name="RainLeftNote0008" x="3335" y="519" width="329" height="533" frameX="-2" frameY="0" frameWidth="331" frameHeight="533"/>
	<SubTexture name="RainLeftNote0009" x="3335" y="519" width="329" height="533" frameX="-2" frameY="0" frameWidth="331" frameHeight="533"/>
	<SubTexture name="RainLeftNote0010" x="3335" y="519" width="329" height="533" frameX="-2" frameY="0" frameWidth="331" frameHeight="533"/>
	<SubTexture name="RainLeftNote0011" x="3335" y="519" width="329" height="533" frameX="-2" frameY="0" frameWidth="331" frameHeight="533"/>
	<SubTexture name="RainLeftNote0012" x="3335" y="519" width="329" height="533" frameX="-2" frameY="0" frameWidth="331" frameHeight="533"/>
	<SubTexture name="RainLeftNote0013" x="3335" y="519" width="329" height="533" frameX="-2" frameY="0" frameWidth="331" frameHeight="533"/>
	<SubTexture name="RainRightNote0000" x="3664" y="519" width="385" height="527" frameX="-4" frameY="-8" frameWidth="389" frameHeight="536"/>
	<SubTexture name="RainRightNote0001" x="3664" y="519" width="385" height="527" frameX="-4" frameY="-8" frameWidth="389" frameHeight="536"/>
	<SubTexture name="RainRightNote0002" x="0" y="1052" width="377" height="532" frameX="0" frameY="-4" frameWidth="389" frameHeight="536"/>
	<SubTexture name="RainRightNote0003" x="377" y="1052" width="377" height="531" frameX="0" frameY="-5" frameWidth="389" frameHeight="536"/>
	<SubTexture name="RainRightNote0004" x="754" y="1052" width="379" height="535" frameX="0" frameY="-1" frameWidth="389" frameHeight="536"/>
	<SubTexture name="RainRightNote0005" x="1133" y="1052" width="379" height="536" frameX="0" frameY="0" frameWidth="389" frameHeight="536"/>
	<SubTexture name="RainRightNote0006" x="754" y="1052" width="379" height="535" frameX="0" frameY="-1" frameWidth="389" frameHeight="536"/>
	<SubTexture name="RainRightNote0007" x="754" y="1052" width="379" height="535" frameX="0" frameY="-1" frameWidth="389" frameHeight="536"/>
	<SubTexture name="RainRightNote0008" x="754" y="1052" width="379" height="535" frameX="0" frameY="-1" frameWidth="389" frameHeight="536"/>
	<SubTexture name="RainRightNote0009" x="754" y="1052" width="379" height="535" frameX="0" frameY="-1" frameWidth="389" frameHeight="536"/>
	<SubTexture name="RainRightNote0010" x="754" y="1052" width="379" height="535" frameX="0" frameY="-1" frameWidth="389" frameHeight="536"/>
	<SubTexture name="RainRightNote0011" x="754" y="1052" width="379" height="535" frameX="0" frameY="-1" frameWidth="389" frameHeight="536"/>
	<SubTexture name="RainRightNote0012" x="754" y="1052" width="379" height="535" frameX="0" frameY="-1" frameWidth="389" frameHeight="536"/>
	<SubTexture name="RainRightNote0013" x="754" y="1052" width="379" height="535" frameX="0" frameY="-1" frameWidth="389" frameHeight="536"/>
	<SubTexture name="RainUpNote0000" x="1512" y="1052" width="349" height="534" frameX="0" frameY="0" frameWidth="349" frameHeight="539"/>
	<SubTexture name="RainUpNote0001" x="1512" y="1052" width="349" height="534" frameX="0" frameY="0" frameWidth="349" frameHeight="539"/>
	<SubTexture name="RainUpNote0002" x="1861" y="1052" width="341" height="537" frameX="-1" frameY="-2" frameWidth="349" frameHeight="539"/>
	<SubTexture name="RainUpNote0003" x="2202" y="1052" width="341" height="537" frameX="-1" frameY="-2" frameWidth="349" frameHeight="539"/>
	<SubTexture name="RainUpNote0004" x="2543" y="1052" width="341" height="537" frameX="-1" frameY="-2" frameWidth="349" frameHeight="539"/>
	<SubTexture name="RainUpNote0005" x="2543" y="1052" width="341" height="537" frameX="-1" frameY="-2" frameWidth="349" frameHeight="539"/>
	<SubTexture name="RainUpNote0006" x="2543" y="1052" width="341" height="537" frameX="-1" frameY="-2" frameWidth="349" frameHeight="539"/>
	<SubTexture name="RainUpNote0007" x="2543" y="1052" width="341" height="537" frameX="-1" frameY="-2" frameWidth="349" frameHeight="539"/>
	<SubTexture name="RainUpNote0008" x="2543" y="1052" width="341" height="537" frameX="-1" frameY="-2" frameWidth="349" frameHeight="539"/>
	<SubTexture name="RainUpNote0009" x="2543" y="1052" width="341" height="537" frameX="-1" frameY="-2" frameWidth="349" frameHeight="539"/>
	<SubTexture name="RainUpNote0010" x="2543" y="1052" width="341" height="537" frameX="-1" frameY="-2" frameWidth="349" frameHeight="539"/>
	<SubTexture name="RainUpNote0011" x="2543" y="1052" width="341" height="537" frameX="-1" frameY="-2" frameWidth="349" frameHeight="539"/>
	<SubTexture name="RainUpNote0012" x="2543" y="1052" width="341" height="537" frameX="-1" frameY="-2" frameWidth="349" frameHeight="539"/>
	<SubTexture name="RainUpNote0013" x="2543" y="1052" width="341" height="537" frameX="-1" frameY="-2" frameWidth="349" frameHeight="539"/>
</TextureAtlas>
