﻿<?xml version="1.0" encoding="utf-8"?>
<TextureAtlas imagePath="RainFnF2P31.png">
	<!-- Created with Adobe Animate version 22.0.0.93 -->
	<!-- http://www.adobe.com/products/animate.html -->
	<SubTexture name="RainDownNoteP30000" x="0" y="0" width="319" height="500" frameX="-4" frameY="-8" frameWidth="323" frameHeight="508"/>
	<SubTexture name="RainDownNoteP30001" x="0" y="0" width="319" height="500" frameX="-4" frameY="-8" frameWidth="323" frameHeight="508"/>
	<SubTexture name="RainDownNoteP30002" x="319" y="0" width="321" height="499" frameX="0" frameY="0" frameWidth="323" frameHeight="508"/>
	<SubTexture name="RainDownNoteP30003" x="319" y="0" width="321" height="499" frameX="0" frameY="0" frameWidth="323" frameHeight="508"/>
	<SubTexture name="RainDownNoteP30004" x="319" y="0" width="321" height="499" frameX="0" frameY="0" frameWidth="323" frameHeight="508"/>
	<SubTexture name="RainDownNoteP30005" x="319" y="0" width="321" height="499" frameX="0" frameY="0" frameWidth="323" frameHeight="508"/>
	<SubTexture name="RainDownNoteP30006" x="319" y="0" width="321" height="499" frameX="0" frameY="0" frameWidth="323" frameHeight="508"/>
	<SubTexture name="RainDownNoteP30007" x="319" y="0" width="321" height="499" frameX="0" frameY="0" frameWidth="323" frameHeight="508"/>
	<SubTexture name="RainDownNoteP30008" x="319" y="0" width="321" height="499" frameX="0" frameY="0" frameWidth="323" frameHeight="508"/>
	<SubTexture name="RainDownNoteP30009" x="319" y="0" width="321" height="499" frameX="0" frameY="0" frameWidth="323" frameHeight="508"/>
	<SubTexture name="RainDownNoteP30010" x="319" y="0" width="321" height="499" frameX="0" frameY="0" frameWidth="323" frameHeight="508"/>
	<SubTexture name="RainDownNoteP30011" x="319" y="0" width="321" height="499" frameX="0" frameY="0" frameWidth="323" frameHeight="508"/>
	<SubTexture name="RainDownNoteP30012" x="319" y="0" width="321" height="499" frameX="0" frameY="0" frameWidth="323" frameHeight="508"/>
	<SubTexture name="RainDownNoteP30013" x="319" y="0" width="321" height="499" frameX="0" frameY="0" frameWidth="323" frameHeight="508"/>
	<SubTexture name="RainIdleP30000" x="640" y="0" width="391" height="503" frameX="-5" frameY="-20" frameWidth="398" frameHeight="524"/>
	<SubTexture name="RainIdleP30001" x="640" y="0" width="391" height="503" frameX="-5" frameY="-20" frameWidth="398" frameHeight="524"/>
	<SubTexture name="RainIdleP30002" x="1031" y="0" width="392" height="509" frameX="-3" frameY="-13" frameWidth="398" frameHeight="524"/>
	<SubTexture name="RainIdleP30003" x="1031" y="0" width="392" height="509" frameX="-3" frameY="-13" frameWidth="398" frameHeight="524"/>
	<SubTexture name="RainIdleP30004" x="1423" y="0" width="398" height="517" frameX="0" frameY="-3" frameWidth="398" frameHeight="524"/>
	<SubTexture name="RainIdleP30005" x="1423" y="0" width="398" height="517" frameX="0" frameY="-3" frameWidth="398" frameHeight="524"/>
	<SubTexture name="RainIdleP30006" x="1821" y="0" width="395" height="519" frameX="0" frameY="-1" frameWidth="398" frameHeight="524"/>
	<SubTexture name="RainIdleP30007" x="1821" y="0" width="395" height="519" frameX="0" frameY="-1" frameWidth="398" frameHeight="524"/>
	<SubTexture name="RainIdleP30008" x="2216" y="0" width="392" height="519" frameX="0" frameY="-1" frameWidth="398" frameHeight="524"/>
	<SubTexture name="RainIdleP30009" x="2608" y="0" width="392" height="520" frameX="0" frameY="0" frameWidth="398" frameHeight="524"/>
	<SubTexture name="RainIdleP30010" x="3000" y="0" width="395" height="520" frameX="0" frameY="0" frameWidth="398" frameHeight="524"/>
	<SubTexture name="RainIdleP30011" x="3000" y="0" width="395" height="520" frameX="0" frameY="0" frameWidth="398" frameHeight="524"/>
	<SubTexture name="RainIdleP30012" x="3395" y="0" width="398" height="519" frameX="0" frameY="-1" frameWidth="398" frameHeight="524"/>
	<SubTexture name="RainIdleP30013" x="3395" y="0" width="398" height="519" frameX="0" frameY="-1" frameWidth="398" frameHeight="524"/>
	<SubTexture name="RainIdleP30014" x="0" y="520" width="391" height="509" frameX="-5" frameY="-15" frameWidth="398" frameHeight="524"/>
	<SubTexture name="RainIdleP30015" x="0" y="520" width="391" height="509" frameX="-5" frameY="-15" frameWidth="398" frameHeight="524"/>
	<SubTexture name="RainIdleP30016" x="391" y="520" width="390" height="510" frameX="-3" frameY="-13" frameWidth="398" frameHeight="524"/>
	<SubTexture name="RainIdleP30017" x="391" y="520" width="390" height="510" frameX="-3" frameY="-13" frameWidth="398" frameHeight="524"/>
	<SubTexture name="RainIdleP30018" x="781" y="520" width="395" height="514" frameX="0" frameY="-6" frameWidth="398" frameHeight="524"/>
	<SubTexture name="RainIdleP30019" x="781" y="520" width="395" height="514" frameX="0" frameY="-6" frameWidth="398" frameHeight="524"/>
	<SubTexture name="RainIdleP30020" x="1176" y="520" width="398" height="519" frameX="0" frameY="-1" frameWidth="398" frameHeight="524"/>
	<SubTexture name="RainIdleP30021" x="1176" y="520" width="398" height="519" frameX="0" frameY="-1" frameWidth="398" frameHeight="524"/>
	<SubTexture name="RainIdleP30022" x="1574" y="520" width="395" height="519" frameX="0" frameY="-1" frameWidth="398" frameHeight="524"/>
	<SubTexture name="RainIdleP30023" x="1969" y="520" width="395" height="519" frameX="0" frameY="-1" frameWidth="398" frameHeight="524"/>
	<SubTexture name="RainIdleP30024" x="2364" y="520" width="392" height="519" frameX="0" frameY="-1" frameWidth="398" frameHeight="524"/>
	<SubTexture name="RainIdleP30025" x="2364" y="520" width="392" height="519" frameX="0" frameY="-1" frameWidth="398" frameHeight="524"/>
	<SubTexture name="RainIdleP30026" x="2756" y="520" width="395" height="513" frameX="0" frameY="-7" frameWidth="398" frameHeight="524"/>
	<SubTexture name="RainIdleP30027" x="2756" y="520" width="395" height="513" frameX="0" frameY="-7" frameWidth="398" frameHeight="524"/>
	<SubTexture name="RainLeftNoteP30000" x="3151" y="520" width="554" height="513" frameX="0" frameY="-7" frameWidth="574" frameHeight="520"/>
	<SubTexture name="RainLeftNoteP30001" x="3151" y="520" width="554" height="513" frameX="0" frameY="-7" frameWidth="574" frameHeight="520"/>
	<SubTexture name="RainLeftNoteP30002" x="0" y="1039" width="549" height="520" frameX="-2" frameY="0" frameWidth="574" frameHeight="520"/>
	<SubTexture name="RainLeftNoteP30003" x="549" y="1039" width="572" height="520" frameX="-2" frameY="0" frameWidth="574" frameHeight="520"/>
	<SubTexture name="RainLeftNoteP30004" x="549" y="1039" width="572" height="520" frameX="-2" frameY="0" frameWidth="574" frameHeight="520"/>
	<SubTexture name="RainLeftNoteP30005" x="549" y="1039" width="572" height="520" frameX="-2" frameY="0" frameWidth="574" frameHeight="520"/>
	<SubTexture name="RainLeftNoteP30006" x="549" y="1039" width="572" height="520" frameX="-2" frameY="0" frameWidth="574" frameHeight="520"/>
	<SubTexture name="RainLeftNoteP30007" x="549" y="1039" width="572" height="520" frameX="-2" frameY="0" frameWidth="574" frameHeight="520"/>
	<SubTexture name="RainLeftNoteP30008" x="549" y="1039" width="572" height="520" frameX="-2" frameY="0" frameWidth="574" frameHeight="520"/>
	<SubTexture name="RainLeftNoteP30009" x="549" y="1039" width="572" height="520" frameX="-2" frameY="0" frameWidth="574" frameHeight="520"/>
	<SubTexture name="RainLeftNoteP30010" x="549" y="1039" width="572" height="520" frameX="-2" frameY="0" frameWidth="574" frameHeight="520"/>
	<SubTexture name="RainLeftNoteP30011" x="549" y="1039" width="572" height="520" frameX="-2" frameY="0" frameWidth="574" frameHeight="520"/>
	<SubTexture name="RainLeftNoteP30012" x="549" y="1039" width="572" height="520" frameX="-2" frameY="0" frameWidth="574" frameHeight="520"/>
	<SubTexture name="RainLeftNoteP30013" x="549" y="1039" width="572" height="520" frameX="-2" frameY="0" frameWidth="574" frameHeight="520"/>
	<SubTexture name="RainRightNoteP30000" x="1121" y="1039" width="374" height="514" frameX="-2" frameY="-2" frameWidth="376" frameHeight="517"/>
	<SubTexture name="RainRightNoteP30001" x="1121" y="1039" width="374" height="514" frameX="-2" frameY="-2" frameWidth="376" frameHeight="517"/>
	<SubTexture name="RainRightNoteP30002" x="1495" y="1039" width="366" height="517" frameX="0" frameY="0" frameWidth="376" frameHeight="517"/>
	<SubTexture name="RainRightNoteP30003" x="1495" y="1039" width="366" height="517" frameX="0" frameY="0" frameWidth="376" frameHeight="517"/>
	<SubTexture name="RainRightNoteP30004" x="1861" y="1039" width="370" height="517" frameX="0" frameY="0" frameWidth="376" frameHeight="517"/>
	<SubTexture name="RainRightNoteP30005" x="1861" y="1039" width="370" height="517" frameX="0" frameY="0" frameWidth="376" frameHeight="517"/>
	<SubTexture name="RainRightNoteP30006" x="1861" y="1039" width="370" height="517" frameX="0" frameY="0" frameWidth="376" frameHeight="517"/>
	<SubTexture name="RainRightNoteP30007" x="1861" y="1039" width="370" height="517" frameX="0" frameY="0" frameWidth="376" frameHeight="517"/>
	<SubTexture name="RainRightNoteP30008" x="1861" y="1039" width="370" height="517" frameX="0" frameY="0" frameWidth="376" frameHeight="517"/>
	<SubTexture name="RainRightNoteP30009" x="1861" y="1039" width="370" height="517" frameX="0" frameY="0" frameWidth="376" frameHeight="517"/>
	<SubTexture name="RainRightNoteP30010" x="1861" y="1039" width="370" height="517" frameX="0" frameY="0" frameWidth="376" frameHeight="517"/>
	<SubTexture name="RainRightNoteP30011" x="1861" y="1039" width="370" height="517" frameX="0" frameY="0" frameWidth="376" frameHeight="517"/>
	<SubTexture name="RainRightNoteP30012" x="1861" y="1039" width="370" height="517" frameX="0" frameY="0" frameWidth="376" frameHeight="517"/>
	<SubTexture name="RainRightNoteP30013" x="1861" y="1039" width="370" height="517" frameX="0" frameY="0" frameWidth="376" frameHeight="517"/>
	<SubTexture name="RainUpNoteP30000" x="2231" y="1039" width="366" height="547" frameX="0" frameY="0" frameWidth="366" frameHeight="552"/>
	<SubTexture name="RainUpNoteP30001" x="2231" y="1039" width="366" height="547" frameX="0" frameY="0" frameWidth="366" frameHeight="552"/>
	<SubTexture name="RainUpNoteP30002" x="2597" y="1039" width="361" height="549" frameX="-1" frameY="-3" frameWidth="366" frameHeight="552"/>
	<SubTexture name="RainUpNoteP30003" x="2958" y="1039" width="361" height="549" frameX="-1" frameY="-3" frameWidth="366" frameHeight="552"/>
	<SubTexture name="RainUpNoteP30004" x="3319" y="1039" width="361" height="549" frameX="-1" frameY="-3" frameWidth="366" frameHeight="552"/>
	<SubTexture name="RainUpNoteP30005" x="3319" y="1039" width="361" height="549" frameX="-1" frameY="-3" frameWidth="366" frameHeight="552"/>
	<SubTexture name="RainUpNoteP30006" x="3319" y="1039" width="361" height="549" frameX="-1" frameY="-3" frameWidth="366" frameHeight="552"/>
	<SubTexture name="RainUpNoteP30007" x="3319" y="1039" width="361" height="549" frameX="-1" frameY="-3" frameWidth="366" frameHeight="552"/>
	<SubTexture name="RainUpNoteP30008" x="3319" y="1039" width="361" height="549" frameX="-1" frameY="-3" frameWidth="366" frameHeight="552"/>
	<SubTexture name="RainUpNoteP30009" x="3319" y="1039" width="361" height="549" frameX="-1" frameY="-3" frameWidth="366" frameHeight="552"/>
	<SubTexture name="RainUpNoteP30010" x="3319" y="1039" width="361" height="549" frameX="-1" frameY="-3" frameWidth="366" frameHeight="552"/>
	<SubTexture name="RainUpNoteP30011" x="3319" y="1039" width="361" height="549" frameX="-1" frameY="-3" frameWidth="366" frameHeight="552"/>
	<SubTexture name="RainUpNoteP30012" x="3319" y="1039" width="361" height="549" frameX="-1" frameY="-3" frameWidth="366" frameHeight="552"/>
	<SubTexture name="RainUpNoteP30013" x="3319" y="1039" width="361" height="549" frameX="-1" frameY="-3" frameWidth="366" frameHeight="552"/>
</TextureAtlas>
