﻿<?xml version="1.0" encoding="utf-8"?>
<TextureAtlas imagePath="KodiFNF.png">
	<!-- Created with Adobe Animate version 21.0.9.42677 -->
	<!-- http://www.adobe.com/products/animate.html -->
	<SubTexture name="KodiDownNote0000" x="0" y="0" width="348" height="682" frameX="0" frameY="-11" frameWidth="348" frameHeight="694"/>
	<SubTexture name="KodiDownNote0001" x="0" y="0" width="348" height="682" frameX="0" frameY="-11" frameWidth="348" frameHeight="694"/>
	<SubTexture name="KodiDownNote0002" x="348" y="0" width="346" height="691" frameX="-1" frameY="-3" frameWidth="348" frameHeight="694"/>
	<SubTexture name="KodiDownNote0003" x="694" y="0" width="346" height="691" frameX="-1" frameY="-3" frameWidth="348" frameHeight="694"/>
	<SubTexture name="KodiDownNote0004" x="1040" y="0" width="346" height="694" frameX="-1" frameY="0" frameWidth="348" frameHeight="694"/>
	<SubTexture name="KodiDownNote0005" x="1386" y="0" width="346" height="694" frameX="-1" frameY="0" frameWidth="348" frameHeight="694"/>
	<SubTexture name="KodiDownNote0006" x="1732" y="0" width="346" height="691" frameX="-1" frameY="-3" frameWidth="348" frameHeight="694"/>
	<SubTexture name="KodiDownNote0007" x="1732" y="0" width="346" height="691" frameX="-1" frameY="-3" frameWidth="348" frameHeight="694"/>
	<SubTexture name="KodiDownNote0008" x="1732" y="0" width="346" height="691" frameX="-1" frameY="-3" frameWidth="348" frameHeight="694"/>
	<SubTexture name="KodiDownNote0009" x="1732" y="0" width="346" height="691" frameX="-1" frameY="-3" frameWidth="348" frameHeight="694"/>
	<SubTexture name="KodiDownNote0010" x="1732" y="0" width="346" height="691" frameX="-1" frameY="-3" frameWidth="348" frameHeight="694"/>
	<SubTexture name="KodiDownNote0011" x="1732" y="0" width="346" height="691" frameX="-1" frameY="-3" frameWidth="348" frameHeight="694"/>
	<SubTexture name="KodiDownNote0012" x="1732" y="0" width="346" height="691" frameX="-1" frameY="-3" frameWidth="348" frameHeight="694"/>
	<SubTexture name="KodiDownNote0013" x="1732" y="0" width="346" height="691" frameX="-1" frameY="-3" frameWidth="348" frameHeight="694"/>
	<SubTexture name="KodiIdle0000" x="2078" y="0" width="354" height="767" frameX="-5" frameY="-23" frameWidth="359" frameHeight="790"/>
	<SubTexture name="KodiIdle0001" x="2078" y="0" width="354" height="767" frameX="-5" frameY="-23" frameWidth="359" frameHeight="790"/>
	<SubTexture name="KodiIdle0002" x="2432" y="0" width="357" height="776" frameX="-2" frameY="-13" frameWidth="359" frameHeight="790"/>
	<SubTexture name="KodiIdle0003" x="2432" y="0" width="357" height="776" frameX="-2" frameY="-13" frameWidth="359" frameHeight="790"/>
	<SubTexture name="KodiIdle0004" x="2789" y="0" width="359" height="789" frameX="0" frameY="0" frameWidth="359" frameHeight="790"/>
	<SubTexture name="KodiIdle0005" x="3148" y="0" width="359" height="789" frameX="0" frameY="0" frameWidth="359" frameHeight="790"/>
	<SubTexture name="KodiIdle0006" x="3507" y="0" width="359" height="789" frameX="0" frameY="0" frameWidth="359" frameHeight="790"/>
	<SubTexture name="KodiIdle0007" x="0" y="789" width="359" height="789" frameX="0" frameY="0" frameWidth="359" frameHeight="790"/>
	<SubTexture name="KodiIdle0008" x="359" y="789" width="359" height="789" frameX="0" frameY="0" frameWidth="359" frameHeight="790"/>
	<SubTexture name="KodiIdle0009" x="718" y="789" width="359" height="789" frameX="0" frameY="0" frameWidth="359" frameHeight="790"/>
	<SubTexture name="KodiIdle0010" x="1077" y="789" width="359" height="789" frameX="0" frameY="0" frameWidth="359" frameHeight="790"/>
	<SubTexture name="KodiIdle0011" x="1077" y="789" width="359" height="789" frameX="0" frameY="0" frameWidth="359" frameHeight="790"/>
	<SubTexture name="KodiIdle0012" x="1077" y="789" width="359" height="789" frameX="0" frameY="0" frameWidth="359" frameHeight="790"/>
	<SubTexture name="KodiIdle0013" x="1077" y="789" width="359" height="789" frameX="0" frameY="0" frameWidth="359" frameHeight="790"/>
	<SubTexture name="KodiLeftNote0000" x="1436" y="789" width="330" height="706" frameX="0" frameY="-7" frameWidth="342" frameHeight="713"/>
	<SubTexture name="KodiLeftNote0001" x="1436" y="789" width="330" height="706" frameX="0" frameY="-7" frameWidth="342" frameHeight="713"/>
	<SubTexture name="KodiLeftNote0002" x="1766" y="789" width="339" height="711" frameX="-3" frameY="0" frameWidth="342" frameHeight="713"/>
	<SubTexture name="KodiLeftNote0003" x="2105" y="789" width="339" height="711" frameX="-3" frameY="0" frameWidth="342" frameHeight="713"/>
	<SubTexture name="KodiLeftNote0004" x="2444" y="789" width="339" height="711" frameX="-3" frameY="0" frameWidth="342" frameHeight="713"/>
	<SubTexture name="KodiLeftNote0005" x="2783" y="789" width="339" height="711" frameX="-3" frameY="0" frameWidth="342" frameHeight="713"/>
	<SubTexture name="KodiLeftNote0006" x="3122" y="789" width="339" height="711" frameX="-3" frameY="0" frameWidth="342" frameHeight="713"/>
	<SubTexture name="KodiLeftNote0007" x="3122" y="789" width="339" height="711" frameX="-3" frameY="0" frameWidth="342" frameHeight="713"/>
	<SubTexture name="KodiLeftNote0008" x="3122" y="789" width="339" height="711" frameX="-3" frameY="0" frameWidth="342" frameHeight="713"/>
	<SubTexture name="KodiLeftNote0009" x="3122" y="789" width="339" height="711" frameX="-3" frameY="0" frameWidth="342" frameHeight="713"/>
	<SubTexture name="KodiLeftNote0010" x="3122" y="789" width="339" height="711" frameX="-3" frameY="0" frameWidth="342" frameHeight="713"/>
	<SubTexture name="KodiLeftNote0011" x="3122" y="789" width="339" height="711" frameX="-3" frameY="0" frameWidth="342" frameHeight="713"/>
	<SubTexture name="KodiLeftNote0012" x="3122" y="789" width="339" height="711" frameX="-3" frameY="0" frameWidth="342" frameHeight="713"/>
	<SubTexture name="KodiLeftNote0013" x="3122" y="789" width="339" height="711" frameX="-3" frameY="0" frameWidth="342" frameHeight="713"/>
	<SubTexture name="KodiRightNote0000" x="3461" y="789" width="430" height="765" frameX="-16" frameY="-1" frameWidth="446" frameHeight="768"/>
	<SubTexture name="KodiRightNote0001" x="3461" y="789" width="430" height="765" frameX="-16" frameY="-1" frameWidth="446" frameHeight="768"/>
	<SubTexture name="KodiRightNote0002" x="0" y="1578" width="418" height="768" frameX="0" frameY="0" frameWidth="446" frameHeight="768"/>
	<SubTexture name="KodiRightNote0003" x="418" y="1578" width="418" height="768" frameX="0" frameY="0" frameWidth="446" frameHeight="768"/>
	<SubTexture name="KodiRightNote0004" x="836" y="1578" width="418" height="768" frameX="0" frameY="0" frameWidth="446" frameHeight="768"/>
	<SubTexture name="KodiRightNote0005" x="1254" y="1578" width="418" height="768" frameX="0" frameY="0" frameWidth="446" frameHeight="768"/>
	<SubTexture name="KodiRightNote0006" x="1672" y="1578" width="418" height="768" frameX="0" frameY="0" frameWidth="446" frameHeight="768"/>
	<SubTexture name="KodiRightNote0007" x="1672" y="1578" width="418" height="768" frameX="0" frameY="0" frameWidth="446" frameHeight="768"/>
	<SubTexture name="KodiRightNote0008" x="1672" y="1578" width="418" height="768" frameX="0" frameY="0" frameWidth="446" frameHeight="768"/>
	<SubTexture name="KodiRightNote0009" x="1672" y="1578" width="418" height="768" frameX="0" frameY="0" frameWidth="446" frameHeight="768"/>
	<SubTexture name="KodiRightNote0010" x="1672" y="1578" width="418" height="768" frameX="0" frameY="0" frameWidth="446" frameHeight="768"/>
	<SubTexture name="KodiRightNote0011" x="1672" y="1578" width="418" height="768" frameX="0" frameY="0" frameWidth="446" frameHeight="768"/>
	<SubTexture name="KodiRightNote0012" x="1672" y="1578" width="418" height="768" frameX="0" frameY="0" frameWidth="446" frameHeight="768"/>
	<SubTexture name="KodiRightNote0013" x="1672" y="1578" width="418" height="768" frameX="0" frameY="0" frameWidth="446" frameHeight="768"/>
	<SubTexture name="KodiUpNote0000" x="2090" y="1578" width="342" height="797" frameX="0" frameY="0" frameWidth="346" frameHeight="802"/>
	<SubTexture name="KodiUpNote0001" x="2090" y="1578" width="342" height="797" frameX="0" frameY="0" frameWidth="346" frameHeight="802"/>
	<SubTexture name="KodiUpNote0002" x="2432" y="1578" width="335" height="798" frameX="-11" frameY="-4" frameWidth="346" frameHeight="802"/>
	<SubTexture name="KodiUpNote0003" x="2767" y="1578" width="335" height="798" frameX="-11" frameY="-4" frameWidth="346" frameHeight="802"/>
	<SubTexture name="KodiUpNote0004" x="3102" y="1578" width="335" height="798" frameX="-11" frameY="-4" frameWidth="346" frameHeight="802"/>
	<SubTexture name="KodiUpNote0005" x="3437" y="1578" width="335" height="798" frameX="-11" frameY="-4" frameWidth="346" frameHeight="802"/>
	<SubTexture name="KodiUpNote0006" x="0" y="2376" width="335" height="798" frameX="-11" frameY="-4" frameWidth="346" frameHeight="802"/>
	<SubTexture name="KodiUpNote0007" x="335" y="2376" width="335" height="798" frameX="-11" frameY="-4" frameWidth="346" frameHeight="802"/>
	<SubTexture name="KodiUpNote0008" x="335" y="2376" width="335" height="798" frameX="-11" frameY="-4" frameWidth="346" frameHeight="802"/>
	<SubTexture name="KodiUpNote0009" x="335" y="2376" width="335" height="798" frameX="-11" frameY="-4" frameWidth="346" frameHeight="802"/>
	<SubTexture name="KodiUpNote0010" x="335" y="2376" width="335" height="798" frameX="-11" frameY="-4" frameWidth="346" frameHeight="802"/>
	<SubTexture name="KodiUpNote0011" x="335" y="2376" width="335" height="798" frameX="-11" frameY="-4" frameWidth="346" frameHeight="802"/>
	<SubTexture name="KodiUpNote0012" x="335" y="2376" width="335" height="798" frameX="-11" frameY="-4" frameWidth="346" frameHeight="802"/>
	<SubTexture name="KodiUpNote0013" x="335" y="2376" width="335" height="798" frameX="-11" frameY="-4" frameWidth="346" frameHeight="802"/>
</TextureAtlas>
