﻿<?xml version="1.0" encoding="utf-8"?>
<TextureAtlas imagePath="BlockheadIdleV22.png">
	<!-- Created with Adobe Animate version 22.0.0.93 -->
	<!-- http://www.adobe.com/products/animate.html -->
	<SubTexture name="BlockheadDeath0000" x="0" y="0" width="375" height="454" pivotX="13.85" pivotY="54.95" frameX="-16" frameY="-54" frameWidth="654" frameHeight="533"/>
	<SubTexture name="BlockheadDeath0001" x="395" y="0" width="389" height="450" frameX="-21" frameY="-50" frameWidth="654" frameHeight="533"/>
	<SubTexture name="BlockheadDeath0002" x="395" y="0" width="389" height="450" frameX="-21" frameY="-50" frameWidth="654" frameHeight="533"/>
	<SubTexture name="BlockheadDeath0003" x="804" y="0" width="403" height="429" frameX="-23" frameY="-54" frameWidth="654" frameHeight="533"/>
	<SubTexture name="BlockheadDeath0004" x="804" y="0" width="403" height="429" frameX="-23" frameY="-54" frameWidth="654" frameHeight="533"/>
	<SubTexture name="BlockheadDeath0005" x="1227" y="0" width="389" height="366" frameX="-59" frameY="-121" frameWidth="654" frameHeight="533"/>
	<SubTexture name="BlockheadDeath0006" x="1636" y="0" width="306" height="264" frameX="-95" frameY="-211" frameWidth="654" frameHeight="533"/>
	<SubTexture name="BlockheadDeath0007" x="1962" y="0" width="310" height="226" frameX="-94" frameY="-225" frameWidth="654" frameHeight="533"/>
	<SubTexture name="BlockheadDeath0008" x="2292" y="0" width="299" height="236" frameX="-107" frameY="-221" frameWidth="654" frameHeight="533"/>
	<SubTexture name="BlockheadDeath0009" x="2292" y="0" width="299" height="236" frameX="-107" frameY="-221" frameWidth="654" frameHeight="533"/>
	<SubTexture name="BlockheadDeath0010" x="2611" y="0" width="310" height="245" frameX="-94" frameY="-206" frameWidth="654" frameHeight="533"/>
	<SubTexture name="BlockheadDeath0011" x="2611" y="0" width="310" height="245" frameX="-94" frameY="-206" frameWidth="654" frameHeight="533"/>
	<SubTexture name="BlockheadDeath0012" x="2611" y="0" width="310" height="245" frameX="-94" frameY="-206" frameWidth="654" frameHeight="533"/>
	<SubTexture name="BlockheadDeath0013" x="2611" y="0" width="310" height="245" frameX="-94" frameY="-206" frameWidth="654" frameHeight="533"/>
	<SubTexture name="BlockheadDeath0014" x="2611" y="0" width="310" height="245" frameX="-94" frameY="-206" frameWidth="654" frameHeight="533"/>
	<SubTexture name="BlockheadDeath0015" x="2611" y="0" width="310" height="245" frameX="-94" frameY="-206" frameWidth="654" frameHeight="533"/>
	<SubTexture name="BlockheadDeath0016" x="2611" y="0" width="310" height="245" frameX="-94" frameY="-206" frameWidth="654" frameHeight="533"/>
	<SubTexture name="BlockheadDeath0017" x="2611" y="0" width="310" height="245" frameX="-94" frameY="-206" frameWidth="654" frameHeight="533"/>
	<SubTexture name="BlockheadDeath0018" x="2611" y="0" width="310" height="245" frameX="-94" frameY="-206" frameWidth="654" frameHeight="533"/>
	<SubTexture name="BlockheadDeath0019" x="2611" y="0" width="310" height="245" frameX="-94" frameY="-206" frameWidth="654" frameHeight="533"/>
	<SubTexture name="BlockheadDeath0020" x="2611" y="0" width="310" height="245" frameX="-94" frameY="-206" frameWidth="654" frameHeight="533"/>
	<SubTexture name="BlockheadDeath0021" x="2611" y="0" width="310" height="245" frameX="-94" frameY="-206" frameWidth="654" frameHeight="533"/>
	<SubTexture name="BlockheadDeath0022" x="2611" y="0" width="310" height="245" frameX="-94" frameY="-206" frameWidth="654" frameHeight="533"/>
	<SubTexture name="BlockheadDeath0023" x="2611" y="0" width="310" height="245" frameX="-94" frameY="-206" frameWidth="654" frameHeight="533"/>
	<SubTexture name="BlockheadDeath0024" x="2611" y="0" width="310" height="245" frameX="-94" frameY="-206" frameWidth="654" frameHeight="533"/>
	<SubTexture name="BlockheadDeath0025" x="2611" y="0" width="310" height="245" frameX="-94" frameY="-206" frameWidth="654" frameHeight="533"/>
	<SubTexture name="BlockheadDeath0026" x="2611" y="0" width="310" height="245" frameX="-94" frameY="-206" frameWidth="654" frameHeight="533"/>
	<SubTexture name="BlockheadDeath0027" x="2611" y="0" width="310" height="245" frameX="-94" frameY="-206" frameWidth="654" frameHeight="533"/>
	<SubTexture name="BlockheadDeath0028" x="2611" y="0" width="310" height="245" frameX="-94" frameY="-206" frameWidth="654" frameHeight="533"/>
	<SubTexture name="BlockheadDeath0029" x="2611" y="0" width="310" height="245" frameX="-94" frameY="-206" frameWidth="654" frameHeight="533"/>
	<SubTexture name="BlockheadDeath0030" x="2611" y="0" width="310" height="245" frameX="-94" frameY="-206" frameWidth="654" frameHeight="533"/>
	<SubTexture name="BlockheadDeath0031" x="2611" y="0" width="310" height="245" frameX="-94" frameY="-206" frameWidth="654" frameHeight="533"/>
	<SubTexture name="BlockheadDeath0032" x="2611" y="0" width="310" height="245" frameX="-94" frameY="-206" frameWidth="654" frameHeight="533"/>
	<SubTexture name="BlockheadDeath0033" x="2611" y="0" width="310" height="245" frameX="-94" frameY="-206" frameWidth="654" frameHeight="533"/>
	<SubTexture name="BlockheadDeath0034" x="2611" y="0" width="310" height="245" frameX="-94" frameY="-206" frameWidth="654" frameHeight="533"/>
	<SubTexture name="BlockheadDeath0035" x="2611" y="0" width="310" height="245" frameX="-94" frameY="-206" frameWidth="654" frameHeight="533"/>
	<SubTexture name="BlockheadDeath0036" x="2611" y="0" width="310" height="245" frameX="-94" frameY="-206" frameWidth="654" frameHeight="533"/>
	<SubTexture name="BlockheadDeath0037" x="2611" y="0" width="310" height="245" frameX="-94" frameY="-206" frameWidth="654" frameHeight="533"/>
	<SubTexture name="BlockheadDeath0038" x="2611" y="0" width="310" height="245" frameX="-94" frameY="-206" frameWidth="654" frameHeight="533"/>
	<SubTexture name="BlockheadDeath0039" x="2941" y="0" width="322" height="258" frameX="-94" frameY="-206" frameWidth="654" frameHeight="533"/>
	<SubTexture name="BlockheadDeath0040" x="2941" y="0" width="322" height="258" frameX="-94" frameY="-206" frameWidth="654" frameHeight="533"/>
	<SubTexture name="BlockheadDeath0041" x="3283" y="0" width="387" height="310" frameX="-94" frameY="-183" frameWidth="654" frameHeight="533"/>
	<SubTexture name="BlockheadDeath0042" x="3283" y="0" width="387" height="310" frameX="-94" frameY="-183" frameWidth="654" frameHeight="533"/>
	<SubTexture name="BlockheadDeath0043" x="3690" y="0" width="463" height="355" frameX="-94" frameY="-156" frameWidth="654" frameHeight="533"/>
	<SubTexture name="BlockheadDeath0044" x="4173" y="0" width="522" height="378" frameX="-55" frameY="-147" frameWidth="654" frameHeight="533"/>
	<SubTexture name="BlockheadDeath0045" x="4715" y="0" width="533" height="393" frameX="-52" frameY="-140" frameWidth="654" frameHeight="533"/>
	<SubTexture name="BlockheadDeath0046" x="5268" y="0" width="562" height="379" frameX="-43" frameY="-127" frameWidth="654" frameHeight="533"/>
	<SubTexture name="BlockheadDeath0047" x="5850" y="0" width="582" height="393" frameX="-35" frameY="-107" frameWidth="654" frameHeight="533"/>
	<SubTexture name="BlockheadDeath0048" x="6452" y="0" width="582" height="393" frameX="-35" frameY="-107" frameWidth="654" frameHeight="533"/>
	<SubTexture name="BlockheadDeath0049" x="7054" y="0" width="590" height="410" frameX="-30" frameY="-84" frameWidth="654" frameHeight="533"/>
	<SubTexture name="BlockheadDeath0050" x="0" y="474" width="607" height="417" frameX="-25" frameY="-62" frameWidth="654" frameHeight="533"/>
	<SubTexture name="BlockheadDeath0051" x="627" y="474" width="631" height="454" frameX="-13" frameY="-35" frameWidth="654" frameHeight="533"/>
	<SubTexture name="BlockheadDeath0052" x="1278" y="474" width="647" height="485" frameX="-3" frameY="-13" frameWidth="654" frameHeight="533"/>
	<SubTexture name="BlockheadDeath0053" x="1945" y="474" width="654" height="475" frameX="0" frameY="0" frameWidth="654" frameHeight="533"/>
	<SubTexture name="BlockheadDeath0054" x="2619" y="474" width="316" height="423" frameX="-135" frameY="-52" frameWidth="654" frameHeight="533"/>
	<SubTexture name="BlockheadDeath0055" x="2955" y="474" width="316" height="423" frameX="-135" frameY="-52" frameWidth="654" frameHeight="533"/>
	<SubTexture name="BlockheadDeath0056" x="3291" y="474" width="316" height="423" frameX="-135" frameY="-52" frameWidth="654" frameHeight="533"/>
	<SubTexture name="BlockheadDeath0057" x="3627" y="474" width="310" height="440" frameX="-134" frameY="-35" frameWidth="654" frameHeight="533"/>
	<SubTexture name="BlockheadDownNote0000" x="3957" y="474" width="348" height="427" pivotX="0" pivotY="0"/>
	<SubTexture name="BlockheadDownNote0001" x="4325" y="474" width="348" height="401" frameX="0" frameY="-25" frameWidth="348" frameHeight="427"/>
	<SubTexture name="BlockheadDownNote0002" x="4693" y="474" width="348" height="414" frameX="0" frameY="-12" frameWidth="348" frameHeight="427"/>
	<SubTexture name="BlockheadDownNote0003" x="5061" y="474" width="348" height="427"/>
	<SubTexture name="BlockheadDownNote0004" x="5061" y="474" width="348" height="427"/>
	<SubTexture name="BlockheadDownNote0005" x="5061" y="474" width="348" height="427"/>
	<SubTexture name="BlockheadDownNote0006" x="5061" y="474" width="348" height="427"/>
	<SubTexture name="BlockheadDownNote0007" x="5061" y="474" width="348" height="427"/>
	<SubTexture name="BlockheadDownNote0008" x="5061" y="474" width="348" height="427"/>
	<SubTexture name="BlockheadDownNote0009" x="5061" y="474" width="348" height="427"/>
	<SubTexture name="BlockheadDownNote0010" x="5061" y="474" width="348" height="427"/>
	<SubTexture name="BlockheadDownNote0011" x="5061" y="474" width="348" height="427"/>
	<SubTexture name="BlockheadDownNote0012" x="5061" y="474" width="348" height="427"/>
	<SubTexture name="BlockheadDownNote0013" x="5061" y="474" width="348" height="427"/>
	<SubTexture name="BlockheadDownNoteMiss0000" x="5429" y="474" width="348" height="401" pivotX="0" pivotY="0" frameX="0" frameY="-25" frameWidth="348" frameHeight="427"/>
	<SubTexture name="BlockheadDownNoteMiss0001" x="5797" y="474" width="348" height="427"/>
	<SubTexture name="BlockheadDownNoteMiss0002" x="5797" y="474" width="348" height="427"/>
	<SubTexture name="BlockheadDownNoteMiss0003" x="6165" y="474" width="348" height="427"/>
	<SubTexture name="BlockheadDownNoteMiss0004" x="6165" y="474" width="348" height="427"/>
	<SubTexture name="BlockheadDownNoteMiss0005" x="6165" y="474" width="348" height="427"/>
	<SubTexture name="BlockheadDownNoteMiss0006" x="6165" y="474" width="348" height="427"/>
	<SubTexture name="BlockheadDownNoteMiss0007" x="6165" y="474" width="348" height="427"/>
	<SubTexture name="BlockheadDownNoteMiss0008" x="6165" y="474" width="348" height="427"/>
	<SubTexture name="BlockheadDownNoteMiss0009" x="6165" y="474" width="348" height="427"/>
	<SubTexture name="BlockheadDownNoteMiss0010" x="6165" y="474" width="348" height="427"/>
	<SubTexture name="BlockheadDownNoteMiss0011" x="6165" y="474" width="348" height="427"/>
	<SubTexture name="BlockheadDownNoteMiss0012" x="6165" y="474" width="348" height="427"/>
	<SubTexture name="BlockheadDownNoteMiss0013" x="6165" y="474" width="348" height="427"/>
	<SubTexture name="BlockheadIdle0000" x="6533" y="474" width="379" height="431" pivotX="-2.85" pivotY="0" frameX="0" frameY="-24" frameWidth="379" frameHeight="455"/>
	<SubTexture name="BlockheadIdle0001" x="6932" y="474" width="378" height="437" frameX="-1" frameY="-18" frameWidth="379" frameHeight="455"/>
	<SubTexture name="BlockheadIdle0002" x="7330" y="474" width="376" height="443" frameX="-1" frameY="-12" frameWidth="379" frameHeight="455"/>
	<SubTexture name="BlockheadIdle0003" x="7726" y="474" width="376" height="450" frameX="-1" frameY="-5" frameWidth="379" frameHeight="455"/>
	<SubTexture name="BlockheadIdle0004" x="0" y="979" width="375" height="454" frameX="-1" frameY="0" frameWidth="379" frameHeight="455"/>
	<SubTexture name="BlockheadIdle0005" x="0" y="979" width="375" height="454" frameX="-1" frameY="0" frameWidth="379" frameHeight="455"/>
	<SubTexture name="BlockheadIdle0006" x="0" y="979" width="375" height="454" frameX="-1" frameY="0" frameWidth="379" frameHeight="455"/>
	<SubTexture name="BlockheadIdle0007" x="0" y="979" width="375" height="454" frameX="-1" frameY="0" frameWidth="379" frameHeight="455"/>
	<SubTexture name="BlockheadIdle0008" x="0" y="979" width="375" height="454" frameX="-1" frameY="0" frameWidth="379" frameHeight="455"/>
	<SubTexture name="BlockheadIdle0009" x="0" y="979" width="375" height="454" frameX="-1" frameY="0" frameWidth="379" frameHeight="455"/>
	<SubTexture name="BlockheadIdle0010" x="0" y="979" width="375" height="454" frameX="-1" frameY="0" frameWidth="379" frameHeight="455"/>
	<SubTexture name="BlockheadIdle0011" x="0" y="979" width="375" height="454" frameX="-1" frameY="0" frameWidth="379" frameHeight="455"/>
	<SubTexture name="BlockheadIdle0012" x="0" y="979" width="375" height="454" frameX="-1" frameY="0" frameWidth="379" frameHeight="455"/>
	<SubTexture name="BlockheadIdle0013" x="0" y="979" width="375" height="454" frameX="-1" frameY="0" frameWidth="379" frameHeight="455"/>
	<SubTexture name="BlockheadIdleRespawn0000" x="395" y="979" width="375" height="454" pivotX="-3.6" pivotY="0"/>
	<SubTexture name="BlockheadIdleRespawn0001" x="395" y="979" width="375" height="454"/>
	<SubTexture name="BlockheadIdleRespawn0002" x="395" y="979" width="375" height="454"/>
	<SubTexture name="BlockheadIdleRespawn0003" x="395" y="979" width="375" height="454"/>
	<SubTexture name="BlockheadIdleRespawn0004" x="395" y="979" width="375" height="454"/>
	<SubTexture name="BlockheadIdleRespawn0005" x="395" y="979" width="375" height="454"/>
	<SubTexture name="BlockheadIdleRespawn0006" x="395" y="979" width="375" height="454"/>
	<SubTexture name="BlockheadIdleRespawn0007" x="395" y="979" width="375" height="454"/>
	<SubTexture name="BlockheadIdleRespawn0008" x="395" y="979" width="375" height="454"/>
	<SubTexture name="BlockheadIdleRespawn0009" x="395" y="979" width="375" height="454"/>
	<SubTexture name="BlockheadIdleRespawn0010" x="395" y="979" width="375" height="454"/>
	<SubTexture name="BlockheadIdleRespawn0011" x="395" y="979" width="375" height="454"/>
	<SubTexture name="BlockheadIdleRespawn0012" x="395" y="979" width="375" height="454"/>
	<SubTexture name="BlockheadIdleRespawn0013" x="395" y="979" width="375" height="454"/>
	<SubTexture name="BlockheadLeftNote0000" x="790" y="979" width="384" height="441" pivotX="16.05" pivotY="0.6" frameX="0" frameY="-1" frameWidth="384" frameHeight="442"/>
	<SubTexture name="BlockheadLeftNote0001" x="1194" y="979" width="368" height="441" frameX="-16" frameY="-1" frameWidth="384" frameHeight="442"/>
	<SubTexture name="BlockheadLeftNote0002" x="1582" y="979" width="367" height="442" frameX="-14" frameY="0" frameWidth="384" frameHeight="442"/>
	<SubTexture name="BlockheadLeftNote0003" x="1969" y="979" width="370" height="442" frameX="-11" frameY="0" frameWidth="384" frameHeight="442"/>
	<SubTexture name="BlockheadLeftNote0004" x="1969" y="979" width="370" height="442" frameX="-11" frameY="0" frameWidth="384" frameHeight="442"/>
	<SubTexture name="BlockheadLeftNote0005" x="2359" y="979" width="381" height="442" frameX="0" frameY="0" frameWidth="384" frameHeight="442"/>
	<SubTexture name="BlockheadLeftNote0006" x="2359" y="979" width="381" height="442" frameX="0" frameY="0" frameWidth="384" frameHeight="442"/>
	<SubTexture name="BlockheadLeftNote0007" x="2359" y="979" width="381" height="442" frameX="0" frameY="0" frameWidth="384" frameHeight="442"/>
	<SubTexture name="BlockheadLeftNote0008" x="2359" y="979" width="381" height="442" frameX="0" frameY="0" frameWidth="384" frameHeight="442"/>
	<SubTexture name="BlockheadLeftNote0009" x="2359" y="979" width="381" height="442" frameX="0" frameY="0" frameWidth="384" frameHeight="442"/>
	<SubTexture name="BlockheadLeftNote0010" x="2359" y="979" width="381" height="442" frameX="0" frameY="0" frameWidth="384" frameHeight="442"/>
	<SubTexture name="BlockheadLeftNote0011" x="2359" y="979" width="381" height="442" frameX="0" frameY="0" frameWidth="384" frameHeight="442"/>
	<SubTexture name="BlockheadLeftNote0012" x="2359" y="979" width="381" height="442" frameX="0" frameY="0" frameWidth="384" frameHeight="442"/>
	<SubTexture name="BlockheadLeftNote0013" x="2359" y="979" width="381" height="442" frameX="0" frameY="0" frameWidth="384" frameHeight="442"/>
	<SubTexture name="BlockheadLeftNoteMiss0000" x="2760" y="979" width="384" height="441" pivotX="16.05" pivotY="14.85" frameX="0" frameY="-15" frameWidth="384" frameHeight="456"/>
	<SubTexture name="BlockheadLeftNoteMiss0001" x="3164" y="979" width="373" height="456" frameX="-11" frameY="0" frameWidth="384" frameHeight="456"/>
	<SubTexture name="BlockheadLeftNoteMiss0002" x="3164" y="979" width="373" height="456" frameX="-11" frameY="0" frameWidth="384" frameHeight="456"/>
	<SubTexture name="BlockheadLeftNoteMiss0003" x="3557" y="979" width="381" height="451" frameX="0" frameY="-5" frameWidth="384" frameHeight="456"/>
	<SubTexture name="BlockheadLeftNoteMiss0004" x="3557" y="979" width="381" height="451" frameX="0" frameY="-5" frameWidth="384" frameHeight="456"/>
	<SubTexture name="BlockheadLeftNoteMiss0005" x="3557" y="979" width="381" height="451" frameX="0" frameY="-5" frameWidth="384" frameHeight="456"/>
	<SubTexture name="BlockheadLeftNoteMiss0006" x="3557" y="979" width="381" height="451" frameX="0" frameY="-5" frameWidth="384" frameHeight="456"/>
	<SubTexture name="BlockheadLeftNoteMiss0007" x="3557" y="979" width="381" height="451" frameX="0" frameY="-5" frameWidth="384" frameHeight="456"/>
	<SubTexture name="BlockheadLeftNoteMiss0008" x="3557" y="979" width="381" height="451" frameX="0" frameY="-5" frameWidth="384" frameHeight="456"/>
	<SubTexture name="BlockheadLeftNoteMiss0009" x="3557" y="979" width="381" height="451" frameX="0" frameY="-5" frameWidth="384" frameHeight="456"/>
	<SubTexture name="BlockheadLeftNoteMiss0010" x="3557" y="979" width="381" height="451" frameX="0" frameY="-5" frameWidth="384" frameHeight="456"/>
	<SubTexture name="BlockheadLeftNoteMiss0011" x="3557" y="979" width="381" height="451" frameX="0" frameY="-5" frameWidth="384" frameHeight="456"/>
	<SubTexture name="BlockheadLeftNoteMiss0012" x="3557" y="979" width="381" height="451" frameX="0" frameY="-5" frameWidth="384" frameHeight="456"/>
	<SubTexture name="BlockheadLeftNoteMiss0013" x="3557" y="979" width="381" height="451" frameX="0" frameY="-5" frameWidth="384" frameHeight="456"/>
	<SubTexture name="BlockheadPeace0000" x="3958" y="979" width="374" height="456" pivotX="4.15" pivotY="3.85" frameX="-4" frameY="-3" frameWidth="383" frameHeight="463"/>
	<SubTexture name="BlockheadPeace0001" x="3958" y="979" width="374" height="456" frameX="-4" frameY="-3" frameWidth="383" frameHeight="463"/>
	<SubTexture name="BlockheadPeace0002" x="4352" y="979" width="383" height="463"/>
	<SubTexture name="BlockheadPeace0003" x="4352" y="979" width="383" height="463"/>
	<SubTexture name="BlockheadPeace0004" x="4755" y="979" width="374" height="456" frameX="-4" frameY="-3" frameWidth="383" frameHeight="463"/>
	<SubTexture name="BlockheadPeace0005" x="4755" y="979" width="374" height="456" frameX="-4" frameY="-3" frameWidth="383" frameHeight="463"/>
	<SubTexture name="BlockheadPeace0006" x="4755" y="979" width="374" height="456" frameX="-4" frameY="-3" frameWidth="383" frameHeight="463"/>
	<SubTexture name="BlockheadPeace0007" x="4755" y="979" width="374" height="456" frameX="-4" frameY="-3" frameWidth="383" frameHeight="463"/>
	<SubTexture name="BlockheadPeace0008" x="4755" y="979" width="374" height="456" frameX="-4" frameY="-3" frameWidth="383" frameHeight="463"/>
	<SubTexture name="BlockheadPeace0009" x="4755" y="979" width="374" height="456" frameX="-4" frameY="-3" frameWidth="383" frameHeight="463"/>
	<SubTexture name="BlockheadPeace0010" x="4755" y="979" width="374" height="456" frameX="-4" frameY="-3" frameWidth="383" frameHeight="463"/>
	<SubTexture name="BlockheadPeace0011" x="4755" y="979" width="374" height="456" frameX="-4" frameY="-3" frameWidth="383" frameHeight="463"/>
	<SubTexture name="BlockheadPeace0012" x="4755" y="979" width="374" height="456" frameX="-4" frameY="-3" frameWidth="383" frameHeight="463"/>
	<SubTexture name="BlockheadPeace0013" x="4755" y="979" width="374" height="456" frameX="-4" frameY="-3" frameWidth="383" frameHeight="463"/>
	<SubTexture name="BlockheadRightNote0000" x="5149" y="979" width="358" height="465" pivotX="54.65" pivotY="10.7" frameX="-48" frameY="0" frameWidth="406" frameHeight="465"/>
	<SubTexture name="BlockheadRightNote0001" x="5527" y="979" width="358" height="465" frameX="-48" frameY="0" frameWidth="406" frameHeight="465"/>
	<SubTexture name="BlockheadRightNote0002" x="5905" y="979" width="353" height="457" frameX="-52" frameY="-8" frameWidth="406" frameHeight="465"/>
	<SubTexture name="BlockheadRightNote0003" x="6278" y="979" width="378" height="457" frameX="-27" frameY="-8" frameWidth="406" frameHeight="465"/>
	<SubTexture name="BlockheadRightNote0004" x="6676" y="979" width="405" height="457" frameX="0" frameY="-8" frameWidth="406" frameHeight="465"/>
	<SubTexture name="BlockheadRightNote0005" x="7101" y="979" width="363" height="457" frameX="-42" frameY="-8" frameWidth="406" frameHeight="465"/>
	<SubTexture name="BlockheadRightNote0006" x="7484" y="979" width="353" height="457" frameX="-52" frameY="-8" frameWidth="406" frameHeight="465"/>
	<SubTexture name="BlockheadRightNote0007" x="0" y="1464" width="353" height="457" frameX="-52" frameY="-8" frameWidth="406" frameHeight="465"/>
	<SubTexture name="BlockheadRightNote0008" x="0" y="1464" width="353" height="457" frameX="-52" frameY="-8" frameWidth="406" frameHeight="465"/>
	<SubTexture name="BlockheadRightNote0009" x="0" y="1464" width="353" height="457" frameX="-52" frameY="-8" frameWidth="406" frameHeight="465"/>
	<SubTexture name="BlockheadRightNote0010" x="0" y="1464" width="353" height="457" frameX="-52" frameY="-8" frameWidth="406" frameHeight="465"/>
	<SubTexture name="BlockheadRightNote0011" x="0" y="1464" width="353" height="457" frameX="-52" frameY="-8" frameWidth="406" frameHeight="465"/>
	<SubTexture name="BlockheadRightNote0012" x="0" y="1464" width="353" height="457" frameX="-52" frameY="-8" frameWidth="406" frameHeight="465"/>
	<SubTexture name="BlockheadRightNote0013" x="0" y="1464" width="353" height="457" frameX="-52" frameY="-8" frameWidth="406" frameHeight="465"/>
	<SubTexture name="BlockheadRightNoteMiss0000" x="373" y="1464" width="358" height="465" pivotX="6.15" pivotY="12.95" frameX="0" frameY="-2" frameWidth="358" frameHeight="467"/>
	<SubTexture name="BlockheadRightNoteMiss0001" x="751" y="1464" width="358" height="465" frameX="0" frameY="-2" frameWidth="358" frameHeight="467"/>
	<SubTexture name="BlockheadRightNoteMiss0002" x="751" y="1464" width="358" height="465" frameX="0" frameY="-2" frameWidth="358" frameHeight="467"/>
	<SubTexture name="BlockheadRightNoteMiss0003" x="1129" y="1464" width="353" height="467" frameX="-4" frameY="0" frameWidth="358" frameHeight="467"/>
	<SubTexture name="BlockheadRightNoteMiss0004" x="1129" y="1464" width="353" height="467" frameX="-4" frameY="0" frameWidth="358" frameHeight="467"/>
	<SubTexture name="BlockheadRightNoteMiss0005" x="1129" y="1464" width="353" height="467" frameX="-4" frameY="0" frameWidth="358" frameHeight="467"/>
	<SubTexture name="BlockheadRightNoteMiss0006" x="1129" y="1464" width="353" height="467" frameX="-4" frameY="0" frameWidth="358" frameHeight="467"/>
	<SubTexture name="BlockheadRightNoteMiss0007" x="1129" y="1464" width="353" height="467" frameX="-4" frameY="0" frameWidth="358" frameHeight="467"/>
	<SubTexture name="BlockheadRightNoteMiss0008" x="1129" y="1464" width="353" height="467" frameX="-4" frameY="0" frameWidth="358" frameHeight="467"/>
	<SubTexture name="BlockheadRightNoteMiss0009" x="1129" y="1464" width="353" height="467" frameX="-4" frameY="0" frameWidth="358" frameHeight="467"/>
	<SubTexture name="BlockheadRightNoteMiss0010" x="1129" y="1464" width="353" height="467" frameX="-4" frameY="0" frameWidth="358" frameHeight="467"/>
	<SubTexture name="BlockheadRightNoteMiss0011" x="1129" y="1464" width="353" height="467" frameX="-4" frameY="0" frameWidth="358" frameHeight="467"/>
	<SubTexture name="BlockheadRightNoteMiss0012" x="1129" y="1464" width="353" height="467" frameX="-4" frameY="0" frameWidth="358" frameHeight="467"/>
	<SubTexture name="BlockheadRightNoteMiss0013" x="1129" y="1464" width="353" height="467" frameX="-4" frameY="0" frameWidth="358" frameHeight="467"/>
	<SubTexture name="BlockheadScared0000" x="1502" y="1464" width="374" height="642" pivotX="2.2" pivotY="188.35" frameX="-2" frameY="0" frameWidth="377" frameHeight="642"/>
	<SubTexture name="BlockheadScared0001" x="1896" y="1464" width="377" height="642"/>
	<SubTexture name="BlockheadScared0002" x="2293" y="1464" width="373" height="642" frameX="-2" frameY="0" frameWidth="377" frameHeight="642"/>
	<SubTexture name="BlockheadScared0003" x="2686" y="1464" width="373" height="642" frameX="-4" frameY="0" frameWidth="377" frameHeight="642"/>
	<SubTexture name="BlockheadScared0004" x="3079" y="1464" width="372" height="641" frameX="-2" frameY="0" frameWidth="377" frameHeight="642"/>
	<SubTexture name="BlockheadScared0005" x="3471" y="1464" width="374" height="642" frameX="-2" frameY="0" frameWidth="377" frameHeight="642"/>
	<SubTexture name="BlockheadUpNote0000" x="3865" y="1464" width="333" height="524" pivotX="10.2" pivotY="53.9" frameX="-12" frameY="0" frameWidth="350" frameHeight="526"/>
	<SubTexture name="BlockheadUpNote0001" x="4218" y="1464" width="341" height="475" frameX="-4" frameY="-49" frameWidth="350" frameHeight="526"/>
	<SubTexture name="BlockheadUpNote0002" x="4579" y="1464" width="350" height="477" frameX="0" frameY="-49" frameWidth="350" frameHeight="526"/>
	<SubTexture name="BlockheadUpNote0003" x="4949" y="1464" width="340" height="473" frameX="-10" frameY="-53" frameWidth="350" frameHeight="526"/>
	<SubTexture name="BlockheadUpNote0004" x="5309" y="1464" width="336" height="473" frameX="-14" frameY="-53" frameWidth="350" frameHeight="526"/>
	<SubTexture name="BlockheadUpNote0005" x="5309" y="1464" width="336" height="473" frameX="-14" frameY="-53" frameWidth="350" frameHeight="526"/>
	<SubTexture name="BlockheadUpNote0006" x="4949" y="1464" width="340" height="473" frameX="-10" frameY="-53" frameWidth="350" frameHeight="526"/>
	<SubTexture name="BlockheadUpNote0007" x="4949" y="1464" width="340" height="473" frameX="-10" frameY="-53" frameWidth="350" frameHeight="526"/>
	<SubTexture name="BlockheadUpNote0008" x="4949" y="1464" width="340" height="473" frameX="-10" frameY="-53" frameWidth="350" frameHeight="526"/>
	<SubTexture name="BlockheadUpNote0009" x="4949" y="1464" width="340" height="473" frameX="-10" frameY="-53" frameWidth="350" frameHeight="526"/>
	<SubTexture name="BlockheadUpNote0010" x="4949" y="1464" width="340" height="473" frameX="-10" frameY="-53" frameWidth="350" frameHeight="526"/>
	<SubTexture name="BlockheadUpNote0011" x="4949" y="1464" width="340" height="473" frameX="-10" frameY="-53" frameWidth="350" frameHeight="526"/>
	<SubTexture name="BlockheadUpNote0012" x="4949" y="1464" width="340" height="473" frameX="-10" frameY="-53" frameWidth="350" frameHeight="526"/>
	<SubTexture name="BlockheadUpNote0013" x="4949" y="1464" width="340" height="473" frameX="-10" frameY="-53" frameWidth="350" frameHeight="526"/>
	<SubTexture name="BlockheadUpNoteMiss0000" x="5665" y="1464" width="332" height="475" pivotX="-0.05" pivotY="30.9" frameX="-3" frameY="-26" frameWidth="340" frameHeight="503"/>
	<SubTexture name="BlockheadUpNoteMiss0001" x="6017" y="1464" width="332" height="501" frameX="-3" frameY="0" frameWidth="340" frameHeight="503"/>
	<SubTexture name="BlockheadUpNoteMiss0002" x="6017" y="1464" width="332" height="501" frameX="-3" frameY="0" frameWidth="340" frameHeight="503"/>
	<SubTexture name="BlockheadUpNoteMiss0003" x="6369" y="1464" width="340" height="499" frameX="0" frameY="-4" frameWidth="340" frameHeight="503"/>
	<SubTexture name="BlockheadUpNoteMiss0004" x="6369" y="1464" width="340" height="499" frameX="0" frameY="-4" frameWidth="340" frameHeight="503"/>
	<SubTexture name="BlockheadUpNoteMiss0005" x="6369" y="1464" width="340" height="499" frameX="0" frameY="-4" frameWidth="340" frameHeight="503"/>
	<SubTexture name="BlockheadUpNoteMiss0006" x="6369" y="1464" width="340" height="499" frameX="0" frameY="-4" frameWidth="340" frameHeight="503"/>
	<SubTexture name="BlockheadUpNoteMiss0007" x="6369" y="1464" width="340" height="499" frameX="0" frameY="-4" frameWidth="340" frameHeight="503"/>
	<SubTexture name="BlockheadUpNoteMiss0008" x="6369" y="1464" width="340" height="499" frameX="0" frameY="-4" frameWidth="340" frameHeight="503"/>
	<SubTexture name="BlockheadUpNoteMiss0009" x="6369" y="1464" width="340" height="499" frameX="0" frameY="-4" frameWidth="340" frameHeight="503"/>
	<SubTexture name="BlockheadUpNoteMiss0010" x="6369" y="1464" width="340" height="499" frameX="0" frameY="-4" frameWidth="340" frameHeight="503"/>
	<SubTexture name="BlockheadUpNoteMiss0011" x="6369" y="1464" width="340" height="499" frameX="0" frameY="-4" frameWidth="340" frameHeight="503"/>
	<SubTexture name="BlockheadUpNoteMiss0012" x="6369" y="1464" width="340" height="499" frameX="0" frameY="-4" frameWidth="340" frameHeight="503"/>
	<SubTexture name="BlockheadUpNoteMiss0013" x="6369" y="1464" width="340" height="499" frameX="0" frameY="-4" frameWidth="340" frameHeight="503"/>
	<SubTexture name="Respawn0000" x="6729" y="1464" width="306" height="149" pivotX="13.85" pivotY="196.9" frameX="-122" frameY="-196" frameWidth="654" frameHeight="675"/>
	<SubTexture name="Respawn0001" x="6729" y="1464" width="306" height="149" frameX="-122" frameY="-196" frameWidth="654" frameHeight="675"/>
	<SubTexture name="Respawn0002" x="7055" y="1464" width="315" height="410" frameX="-123" frameY="-196" frameWidth="654" frameHeight="675"/>
	<SubTexture name="Respawn0003" x="7055" y="1464" width="315" height="410" frameX="-123" frameY="-196" frameWidth="654" frameHeight="675"/>
	<SubTexture name="Respawn0004" x="7390" y="1464" width="397" height="484" frameX="-84" frameY="-151" frameWidth="654" frameHeight="675"/>
	<SubTexture name="Respawn0005" x="0" y="2126" width="425" height="528" frameX="-56" frameY="-107" frameWidth="654" frameHeight="675"/>
	<SubTexture name="Respawn0006" x="445" y="2126" width="517" height="583" frameX="-40" frameY="-70" frameWidth="654" frameHeight="675"/>
	<SubTexture name="Respawn0007" x="982" y="2126" width="552" height="630" frameX="-25" frameY="-37" frameWidth="654" frameHeight="675"/>
	<SubTexture name="Respawn0008" x="1554" y="2126" width="563" height="658" frameX="-22" frameY="-17" frameWidth="654" frameHeight="675"/>
	<SubTexture name="Respawn0009" x="2137" y="2126" width="583" height="642" frameX="-22" frameY="-6" frameWidth="654" frameHeight="675"/>
	<SubTexture name="Respawn0010" x="2740" y="2126" width="600" height="642" frameX="-17" frameY="0" frameWidth="654" frameHeight="675"/>
	<SubTexture name="Respawn0011" x="3360" y="2126" width="590" height="495" frameX="-30" frameY="-141" frameWidth="654" frameHeight="675"/>
	<SubTexture name="Respawn0012" x="3970" y="2126" width="607" height="480" frameX="-25" frameY="-141" frameWidth="654" frameHeight="675"/>
	<SubTexture name="Respawn0013" x="4597" y="2126" width="631" height="490" frameX="-13" frameY="-141" frameWidth="654" frameHeight="675"/>
	<SubTexture name="Respawn0014" x="5248" y="2126" width="647" height="499" frameX="-3" frameY="-141" frameWidth="654" frameHeight="675"/>
	<SubTexture name="Respawn0015" x="5915" y="2126" width="654" height="454" frameX="0" frameY="-141" frameWidth="654" frameHeight="675"/>
	<SubTexture name="Respawn0016" x="0" y="979" width="375" height="454" frameX="-88" frameY="-141" frameWidth="379" frameHeight="455"/>
	<SubTexture name="Smoke cloud0000" x="6589" y="2126" width="305" height="149" pivotX="1.85" pivotY="23.95" frameX="-1" frameY="-23" frameWidth="316" frameHeight="180"/>
	<SubTexture name="Smoke cloud0001" x="6589" y="2126" width="305" height="149" frameX="-1" frameY="-23" frameWidth="316" frameHeight="180"/>
	<SubTexture name="Smoke cloud0002" x="6589" y="2126" width="305" height="149" frameX="-1" frameY="-23" frameWidth="316" frameHeight="180"/>
	<SubTexture name="Smoke cloud0003" x="6589" y="2126" width="305" height="149" frameX="-1" frameY="-23" frameWidth="316" frameHeight="180"/>
	<SubTexture name="Smoke cloud0004" x="6914" y="2126" width="315" height="155" frameX="-1" frameY="-17" frameWidth="316" frameHeight="180"/>
	<SubTexture name="Smoke cloud0005" x="6914" y="2126" width="315" height="155" frameX="-1" frameY="-17" frameWidth="316" frameHeight="180"/>
	<SubTexture name="Smoke cloud0006" x="6914" y="2126" width="315" height="155" frameX="-1" frameY="-17" frameWidth="316" frameHeight="180"/>
	<SubTexture name="Smoke cloud0007" x="6914" y="2126" width="315" height="155" frameX="-1" frameY="-17" frameWidth="316" frameHeight="180"/>
	<SubTexture name="Smoke cloud0008" x="7249" y="2126" width="309" height="180" frameX="0" frameY="0" frameWidth="316" frameHeight="180"/>
	<SubTexture name="Smoke cloud0009" x="7249" y="2126" width="309" height="180" frameX="0" frameY="0" frameWidth="316" frameHeight="180"/>
	<SubTexture name="Smoke cloud0010" x="7249" y="2126" width="309" height="180" frameX="0" frameY="0" frameWidth="316" frameHeight="180"/>
	<SubTexture name="Smoke cloud0011" x="7249" y="2126" width="309" height="180" frameX="0" frameY="0" frameWidth="316" frameHeight="180"/>
	<SubTexture name="Smoke cloud idle0000" x="7249" y="2126" width="309" height="180" pivotX="1.85" pivotY="23.95" frameX="0" frameY="0" frameWidth="316" frameHeight="180"/>
	<SubTexture name="Smoke cloud idle0001" x="7249" y="2126" width="309" height="180" frameX="0" frameY="0" frameWidth="316" frameHeight="180"/>
	<SubTexture name="Smoke cloud idle0002" x="7249" y="2126" width="309" height="180" frameX="0" frameY="0" frameWidth="316" frameHeight="180"/>
	<SubTexture name="Smoke cloud idle0003" x="7249" y="2126" width="309" height="180" frameX="0" frameY="0" frameWidth="316" frameHeight="180"/>
	<SubTexture name="Smoke cloud idle0004" x="7578" y="2126" width="291" height="181" frameX="-6" frameY="-2" frameWidth="316" frameHeight="183"/>
	<SubTexture name="Smoke cloud idle0005" x="7578" y="2126" width="291" height="181" frameX="-6" frameY="-2" frameWidth="316" frameHeight="183"/>
	<SubTexture name="Smoke cloud idle0006" x="7578" y="2126" width="291" height="181" frameX="-6" frameY="-2" frameWidth="316" frameHeight="183"/>
	<SubTexture name="Smoke cloud idle0007" x="7578" y="2126" width="291" height="181" frameX="-6" frameY="-2" frameWidth="316" frameHeight="183"/>
	<SubTexture name="Smoke cloud idle0008" x="6589" y="2126" width="305" height="149" frameX="-1" frameY="-23" frameWidth="316" frameHeight="180"/>
	<SubTexture name="Smoke cloud idle0009" x="6589" y="2126" width="305" height="149" frameX="-1" frameY="-23" frameWidth="316" frameHeight="180"/>
	<SubTexture name="Smoke cloud idle0010" x="6589" y="2126" width="305" height="149" frameX="-1" frameY="-23" frameWidth="316" frameHeight="180"/>
	<SubTexture name="Smoke cloud idle0011" x="6589" y="2126" width="305" height="149" frameX="-1" frameY="-23" frameWidth="316" frameHeight="180"/>
	<SubTexture name="Smoke cloud idle0012" x="6914" y="2126" width="315" height="155" frameX="-1" frameY="-17" frameWidth="316" frameHeight="180"/>
	<SubTexture name="Smoke cloud idle0013" x="6914" y="2126" width="315" height="155" frameX="-1" frameY="-17" frameWidth="316" frameHeight="180"/>
	<SubTexture name="Smoke cloud idle0014" x="6914" y="2126" width="315" height="155" frameX="-1" frameY="-17" frameWidth="316" frameHeight="180"/>
	<SubTexture name="Smoke cloud idle0015" x="6914" y="2126" width="315" height="155" frameX="-1" frameY="-17" frameWidth="316" frameHeight="180"/>
</TextureAtlas>
