﻿<?xml version="1.0" encoding="utf-8"?>
<TextureAtlas imagePath="TGBStage1COLOURED.png">
	<!-- Created with Adobe Animate version 22.0.4.185 -->
	<!-- http://www.adobe.com/products/animate.html -->
	<SubTexture name="TGBStage1COLOURED0000" x="0" y="0" width="275" height="785" pivotX="-6.45" pivotY="-58.55" frameX="0" frameY="-7" frameWidth="275" frameHeight="793"/>
	<SubTexture name="TGBStage1COLOURED0001" x="0" y="0" width="275" height="785" frameX="0" frameY="-7" frameWidth="275" frameHeight="793"/>
	<SubTexture name="TGBStage1COLOURED0002" x="315" y="0" width="270" height="790" frameX="-2" frameY="-3" frameWidth="275" frameHeight="793"/>
	<SubTexture name="TGBStage1COLOURED0003" x="315" y="0" width="270" height="790" frameX="-2" frameY="-3" frameWidth="275" frameHeight="793"/>
	<SubTexture name="TGBStage1COLOURED0004" x="625" y="0" width="264" height="793" frameX="-5" frameY="0" frameWidth="275" frameHeight="793"/>
	<SubTexture name="TGBStage1COLOURED0005" x="929" y="0" width="264" height="793" frameX="-5" frameY="0" frameWidth="275" frameHeight="793"/>
	<SubTexture name="TGBStage1COLOURED0006" x="929" y="0" width="264" height="793" frameX="-5" frameY="0" frameWidth="275" frameHeight="793"/>
	<SubTexture name="TGBStage1COLOURED0007" x="625" y="0" width="264" height="793" frameX="-5" frameY="0" frameWidth="275" frameHeight="793"/>
	<SubTexture name="TGBStage1COLOURED0008" x="625" y="0" width="264" height="793" frameX="-5" frameY="0" frameWidth="275" frameHeight="793"/>
	<SubTexture name="TGBStage1COLOURED0009" x="625" y="0" width="264" height="793" frameX="-5" frameY="0" frameWidth="275" frameHeight="793"/>
</TextureAtlas>
