{
	"animations": [
		{
			"offsets": [
				15,
				18
			],
			"loop": false,
			"fps": 24,
			"anim": "hurt",
			"indices": [],
			"name": "BF hit"
		},
		{
			"offsets": [
				-4,
				0
			],
			"loop": true,
			"fps": 24,
			"anim": "scared",
			"indices": [],
			"name": "BF idle shaking"
		},
		{
			"offsets": [
				-10,
				-16
			],
			"loop": false,
			"fps": 24,
			"anim": "dodge",
			"indices": [],
			"name": "boyfriend dodge"
		},
		{
			"offsets": [
				294,
				267
			],
			"loop": false,
			"fps": 24,
			"anim": "attack",
			"indices": [],
			"name": "boyfriend attack"
		},
		{
			"offsets": [
				-40,
				-40
			],
			"loop": false,
			"fps": 24,
			"anim": "pre-attack",
			"indices": [],
			"name": "bf pre attack"
		},
		{
			"offsets": [
				-5,
				0
			],
			"loop": false,
			"fps": 24,
			"anim": "idle",
			"indices": [],
			"name": "BlockheadIdle"
		},
		{
			"offsets": [
				-30,
				-29
			],
			"loop": false,
			"fps": 24,
			"anim": "singDOWN",
			"indices": [],
			"name": "BlockheadDownNote"
		},
		{
			"offsets": [
				5,
				-17
			],
			"loop": false,
			"fps": 24,
			"anim": "singLEFT",
			"indices": [],
			"name": "BlockHeadLeftNote"
		},
		{
			"offsets": [
				6,
				-3
			],
			"loop": false,
			"fps": 24,
			"anim": "singLEFTmiss",
			"indices": [],
			"name": "BlockheadLeftNoteMiss"
		},
		{
			"offsets": [
				-44,
				15
			],
			"loop": false,
			"fps": 24,
			"anim": "singRIGHTmiss",
			"indices": [],
			"name": "BlockHeadRightNoteMiss"
		},
		{
			"offsets": [
				-3,
				10
			],
			"loop": false,
			"fps": 24,
			"anim": "hey",
			"indices": [],
			"name": "BlockHeadPeace"
		},
		{
			"loop": false,
			"offsets": [
				5,
				13
			],
			"anim": "singRIGHT",
			"fps": 24,
			"name": "BlockheadRightNote",
			"indices": []
		},
		{
			"loop": false,
			"offsets": [
				-30,
				-29
			],
			"anim": "singDOWNmiss",
			"fps": 24,
			"name": "BlockHeadDownNoteMiss",
			"indices": []
		},
		{
			"loop": false,
			"offsets": [
				-40,
				52
			],
			"anim": "singUPmiss",
			"fps": 24,
			"name": "BlockHeadUpNoteMiss",
			"indices": []
		},
		{
			"offsets": [
				0,
				60
			],
			"loop": false,
			"fps": 24,
			"anim": "firstDeath",
			"indices": [],
			"name": "BlockheadDeath"
		},
		{
			"offsets": [
				-124,
				-105
			],
			"loop": true,
			"fps": 24,
			"anim": "deathLoop",
			"indices": [],
			"name": "Smoke cloud"
		},
		{
			"offsets": [
				82,
				141
			],
			"loop": false,
			"fps": 24,
			"anim": "deathConfirm",
			"indices": [],
			"name": "Respawn"
		},
		{
			"offsets": [
				-40,
				26
			],
			"loop": false,
			"fps": 24,
			"anim": "singUP",
			"indices": [],
			"name": "BlockheadUpNote"
		}
	],
	"no_antialiasing": false,
	"image": "characters/BlockheadIdleV2",
	"position": [
		0,
		330
	],
	"healthicon": "icon-blockhead",
	"flip_x": true,
	"healthbar_colors": [
		0,
		0,
		255
	],
	"camera_position": [
		0,
		0
	],
	"sing_duration": 4,
	"scale": 1
}