{
	"animations": [
		{
			"offsets": [
				0,
				120
			],
			"loop": false,
			"fps": 24,
			"anim": "idle",
			"indices": [],
			"name": "CharlesIdle"
		},
		{
			"offsets": [
				191,
				109
			],
			"loop": false,
			"fps": 24,
			"anim": "singLeft",
			"indices": [],
			"name": "CharlesLeftNote"
		},
		{
			"offsets": [
				-44,
				106
			],
			"loop": false,
			"fps": 24,
			"anim": "singRIGHT",
			"indices": [],
			"name": "CharlesRightNote"
		},
		{
			"offsets": [
				197,
				107
			],
			"loop": false,
			"fps": 24,
			"anim": "singLEFT",
			"indices": [],
			"name": "CharlesLeftNote"
		},
		{
			"offsets": [
				-109,
				13
			],
			"loop": false,
			"fps": 24,
			"anim": "singDOWN",
			"indices": [],
			"name": "CharlesDownNote"
		},
		{
			"offsets": [
				43,
				384
			],
			"loop": false,
			"fps": 24,
			"anim": "singUP",
			"indices": [],
			"name": "CharlesUpNote"
		}
	],
	"no_antialiasing": false,
	"image": "characters/Charles",
	"position": [
		0,
		0
	],
	"healthicon": "icon-charles",
	"flip_x": false,
	"healthbar_colors": [
		255,
		152,
		1
	],
	"camera_position": [
		60,
		-110
	],
	"sing_duration": 4,
	"scale": 0.9
}