{
	"animations": [
		{
			"offsets": [
				27,
				-1
			],
			"loop": false,
			"fps": 24,
			"anim": "singDOWN",
			"indices": [],
			"name": "Heaven Down Anim"
		},
		{
			"offsets": [
				14,
				41
			],
			"loop": false,
			"fps": 24,
			"anim": "singUP",
			"indices": [],
			"name": "Heaven Up Anim"
		},
		{
			"offsets": [
				92,
				1
			],
			"loop": false,
			"fps": 24,
			"anim": "singLEFT",
			"indices": [],
			"name": "Heaven Left Anim"
		},
		{
			"offsets": [
				0,
				0
			],
			"loop": false,
			"fps": 24,
			"anim": "idle",
			"indices": [],
			"name": "Heaven Idle Anim"
		},
		{
			"offsets": [
				2,
				-10
			],
			"loop": false,
			"fps": 24,
			"anim": "singRIGHT",
			"indices": [],
			"name": "Heaven Right Anim"
		}
	],
	"no_antialiasing": false,
	"image": "characters/Heaven_Assets",
	"position": [
		0,
		-20
	],
	"healthicon": "icon-heaven",
	"flip_x": false,
	"healthbar_colors": [
		34,
		121,
		255
	],
	"camera_position": [
		0,
		0
	],
	"sing_duration": 4,
	"scale": 0.9
}