{
	"animations": [
		{
			"offsets": [
				231,
				110
			],
			"loop": false,
			"fps": 24,
			"anim": "idle",
			"indices": [],
			"name": "Snake Idle Anim"
		},
		{
			"offsets": [
				140,
				127
			],
			"loop": false,
			"fps": 24,
			"anim": "singLEFT",
			"indices": [],
			"name": "Snake Left Anim"
		},
		{
			"offsets": [
				124,
				120
			],
			"loop": false,
			"fps": 24,
			"anim": "singDOWN",
			"indices": [],
			"name": "Snake Down Anim"
		},
		{
			"offsets": [
				234,
				158
			],
			"loop": false,
			"fps": 24,
			"anim": "singUP",
			"indices": [],
			"name": "Snake Up Anim"
		},
		{
			"offsets": [
				139,
				59
			],
			"loop": false,
			"fps": 24,
			"anim": "singRIGHT",
			"indices": [],
			"name": "Snake Right Anim"
		}
	],
	"no_antialiasing": false,
	"image": "characters/HeavenSnake_Assets",
	"position": [
		0,
		0
	],
	"healthicon": "icon-heaven_snake",
	"flip_x": false,
	"healthbar_colors": [
		36,
		85,
		22
	],
	"camera_position": [
		-40,
		-60
	],
	"sing_duration": 4,
	"scale": 0.95
}