{
	"animations": [
		{
			"offsets": [
				-80,
				-220
			],
			"loop": false,
			"fps": 24,
			"anim": "idle",
			"indices": [],
			"name": "TimGunHoldingIdle"
		},
		{
			"loop": false,
			"offsets": [
				-88,
				-173
			],
			"anim": "singLEFT",
			"fps": 24,
			"name": "TimLeftNoteGun",
			"indices": []
		},
		{
			"loop": false,
			"offsets": [
				-75,
				-220
			],
			"anim": "singRIGHT",
			"fps": 24,
			"name": "TimRightNoteGun",
			"indices": []
		},
		{
			"loop": false,
			"offsets": [
				-95,
				-233
			],
			"anim": "singDOWN",
			"fps": 24,
			"name": "TimDownNoteGun",
			"indices": []
		},
		{
			"loop": false,
			"offsets": [
				-72,
				-130
			],
			"anim": "singUP",
			"fps": 24,
			"name": "TimUpNoteGun",
			"indices": []
		},
		{
			"loop": false,
			"offsets": [
				-40,
				-191
			],
			"anim": "shootNote",
			"fps": 24,
			"name": "TimFiringHisGun",
			"indices": []
		},
		{
			"loop": false,
			"offsets": [
				18,
				62
			],
			"anim": "gunReady",
			"fps": 24,
			"name": "TimGunThrowAnimation",
			"indices": []
		}
	],
	"no_antialiasing": false,
	"image": "characters/TimGunFNF",
	"position": [
		0,
		0
	],
	"healthicon": "icon-tim_gun",
	"flip_x": false,
	"healthbar_colors": [
		61,
		60,
		61
	],
	"camera_position": [
		0,
		110
	],
	"sing_duration": 4,
	"scale": 1
}