﻿<?xml version="1.0" encoding="utf-8"?>
<TextureAtlas imagePath="Charles.png">
	<!-- Created with Adobe Animate version 21.0.9.42677 -->
	<!-- http://www.adobe.com/products/animate.html -->
	<SubTexture name="CharlesDownNote0000" x="0" y="0" width="539" height="735" frameX="0" frameY="-30" frameWidth="559" frameHeight="765"/>
	<SubTexture name="CharlesDownNote0001" x="539" y="0" width="539" height="711" frameX="0" frameY="-30" frameWidth="559" frameHeight="765"/>
	<SubTexture name="CharlesDownNote0002" x="1078" y="0" width="559" height="742" frameX="0" frameY="0" frameWidth="559" frameHeight="765"/>
	<SubTexture name="CharlesDownNote0003" x="1637" y="0" width="559" height="742" frameX="0" frameY="0" frameWidth="559" frameHeight="765"/>
	<SubTexture name="CharlesDownNote0004" x="2196" y="0" width="559" height="742" frameX="0" frameY="0" frameWidth="559" frameHeight="765"/>
	<SubTexture name="CharlesDownNote0005" x="2755" y="0" width="559" height="742" frameX="0" frameY="0" frameWidth="559" frameHeight="765"/>
	<SubTexture name="CharlesDownNote0006" x="3314" y="0" width="559" height="742" frameX="0" frameY="0" frameWidth="559" frameHeight="765"/>
	<SubTexture name="CharlesDownNote0007" x="3873" y="0" width="559" height="742" frameX="0" frameY="0" frameWidth="559" frameHeight="765"/>
	<SubTexture name="CharlesDownNote0008" x="4432" y="0" width="559" height="742" frameX="0" frameY="0" frameWidth="559" frameHeight="765"/>
	<SubTexture name="CharlesDownNote0009" x="4991" y="0" width="539" height="735" frameX="0" frameY="-30" frameWidth="559" frameHeight="765"/>
	<SubTexture name="CharlesDownNote0010" x="5530" y="0" width="539" height="711" frameX="0" frameY="-30" frameWidth="559" frameHeight="765"/>
	<SubTexture name="CharlesDownNote0011" x="1078" y="0" width="559" height="742" frameX="0" frameY="0" frameWidth="559" frameHeight="765"/>
	<SubTexture name="CharlesDownNote0012" x="1637" y="0" width="559" height="742" frameX="0" frameY="0" frameWidth="559" frameHeight="765"/>
	<SubTexture name="CharlesDownNote0013" x="2196" y="0" width="559" height="742" frameX="0" frameY="0" frameWidth="559" frameHeight="765"/>
	<SubTexture name="CharlesDownNote0014" x="2755" y="0" width="559" height="742" frameX="0" frameY="0" frameWidth="559" frameHeight="765"/>
	<SubTexture name="CharlesDownNote0015" x="3314" y="0" width="559" height="742" frameX="0" frameY="0" frameWidth="559" frameHeight="765"/>
	<SubTexture name="CharlesDownNote0016" x="3873" y="0" width="559" height="742" frameX="0" frameY="0" frameWidth="559" frameHeight="765"/>
	<SubTexture name="CharlesDownNote0017" x="4432" y="0" width="559" height="742" frameX="0" frameY="0" frameWidth="559" frameHeight="765"/>
	<SubTexture name="CharlesIdle0000" x="6069" y="0" width="710" height="845" frameX="0" frameY="-35" frameWidth="723" frameHeight="880"/>
	<SubTexture name="CharlesIdle0001" x="6779" y="0" width="710" height="838" frameX="0" frameY="-35" frameWidth="723" frameHeight="880"/>
	<SubTexture name="CharlesIdle0002" x="0" y="845" width="715" height="848" frameX="-1" frameY="-25" frameWidth="723" frameHeight="880"/>
	<SubTexture name="CharlesIdle0003" x="715" y="845" width="715" height="848" frameX="-1" frameY="-25" frameWidth="723" frameHeight="880"/>
	<SubTexture name="CharlesIdle0004" x="1430" y="845" width="721" height="868" frameX="-2" frameY="-5" frameWidth="723" frameHeight="880"/>
	<SubTexture name="CharlesIdle0005" x="2151" y="845" width="721" height="868" frameX="-2" frameY="-5" frameWidth="723" frameHeight="880"/>
	<SubTexture name="CharlesIdle0006" x="2872" y="845" width="721" height="868" frameX="-2" frameY="-5" frameWidth="723" frameHeight="880"/>
	<SubTexture name="CharlesIdle0007" x="3593" y="845" width="719" height="868" frameX="-4" frameY="-5" frameWidth="723" frameHeight="880"/>
	<SubTexture name="CharlesIdle0008" x="4312" y="845" width="716" height="871" frameX="-4" frameY="-2" frameWidth="723" frameHeight="880"/>
	<SubTexture name="CharlesIdle0009" x="5028" y="845" width="717" height="873" frameX="-3" frameY="0" frameWidth="723" frameHeight="880"/>
	<SubTexture name="CharlesIdle0010" x="5745" y="845" width="719" height="868" frameX="-4" frameY="-5" frameWidth="723" frameHeight="880"/>
	<SubTexture name="CharlesIdle0011" x="6464" y="845" width="721" height="868" frameX="-2" frameY="-5" frameWidth="723" frameHeight="880"/>
	<SubTexture name="CharlesIdle0012" x="7185" y="845" width="718" height="848" frameX="-1" frameY="-25" frameWidth="723" frameHeight="880"/>
	<SubTexture name="CharlesIdle0013" x="7185" y="845" width="718" height="848" frameX="-1" frameY="-25" frameWidth="723" frameHeight="880"/>
	<SubTexture name="CharlesLeftNote0000" x="0" y="1718" width="700" height="852" frameX="0" frameY="-7" frameWidth="700" frameHeight="859"/>
	<SubTexture name="CharlesLeftNote0001" x="0" y="1718" width="700" height="852" frameX="0" frameY="-7" frameWidth="700" frameHeight="859"/>
	<SubTexture name="CharlesLeftNote0002" x="700" y="1718" width="630" height="859" frameX="-68" frameY="0" frameWidth="700" frameHeight="859"/>
	<SubTexture name="CharlesLeftNote0003" x="700" y="1718" width="630" height="859" frameX="-68" frameY="0" frameWidth="700" frameHeight="859"/>
	<SubTexture name="CharlesLeftNote0004" x="1330" y="1718" width="630" height="859" frameX="-68" frameY="0" frameWidth="700" frameHeight="859"/>
	<SubTexture name="CharlesLeftNote0005" x="1960" y="1718" width="630" height="859" frameX="-68" frameY="0" frameWidth="700" frameHeight="859"/>
	<SubTexture name="CharlesLeftNote0006" x="1330" y="1718" width="630" height="859" frameX="-68" frameY="0" frameWidth="700" frameHeight="859"/>
	<SubTexture name="CharlesLeftNote0007" x="1330" y="1718" width="630" height="859" frameX="-68" frameY="0" frameWidth="700" frameHeight="859"/>
	<SubTexture name="CharlesLeftNote0008" x="1330" y="1718" width="630" height="859" frameX="-68" frameY="0" frameWidth="700" frameHeight="859"/>
	<SubTexture name="CharlesLeftNote0009" x="1330" y="1718" width="630" height="859" frameX="-68" frameY="0" frameWidth="700" frameHeight="859"/>
	<SubTexture name="CharlesLeftNote0010" x="1330" y="1718" width="630" height="859" frameX="-68" frameY="0" frameWidth="700" frameHeight="859"/>
	<SubTexture name="CharlesLeftNote0011" x="1330" y="1718" width="630" height="859" frameX="-68" frameY="0" frameWidth="700" frameHeight="859"/>
	<SubTexture name="CharlesLeftNote0012" x="1330" y="1718" width="630" height="859" frameX="-68" frameY="0" frameWidth="700" frameHeight="859"/>
	<SubTexture name="CharlesLeftNote0013" x="1330" y="1718" width="630" height="859" frameX="-68" frameY="0" frameWidth="700" frameHeight="859"/>
	<SubTexture name="CharlesRightNote0000" x="2590" y="1718" width="844" height="865" frameX="-26" frameY="-4" frameWidth="870" frameHeight="869"/>
	<SubTexture name="CharlesRightNote0001" x="2590" y="1718" width="844" height="865" frameX="-26" frameY="-4" frameWidth="870" frameHeight="869"/>
	<SubTexture name="CharlesRightNote0002" x="3434" y="1718" width="844" height="869" frameX="0" frameY="0" frameWidth="870" frameHeight="869"/>
	<SubTexture name="CharlesRightNote0003" x="3434" y="1718" width="844" height="869" frameX="0" frameY="0" frameWidth="870" frameHeight="869"/>
	<SubTexture name="CharlesRightNote0004" x="4278" y="1718" width="844" height="869" frameX="0" frameY="0" frameWidth="870" frameHeight="869"/>
	<SubTexture name="CharlesRightNote0005" x="5122" y="1718" width="844" height="869" frameX="0" frameY="0" frameWidth="870" frameHeight="869"/>
	<SubTexture name="CharlesRightNote0006" x="4278" y="1718" width="844" height="869" frameX="0" frameY="0" frameWidth="870" frameHeight="869"/>
	<SubTexture name="CharlesRightNote0007" x="4278" y="1718" width="844" height="869" frameX="0" frameY="0" frameWidth="870" frameHeight="869"/>
	<SubTexture name="CharlesRightNote0008" x="4278" y="1718" width="844" height="869" frameX="0" frameY="0" frameWidth="870" frameHeight="869"/>
	<SubTexture name="CharlesRightNote0009" x="4278" y="1718" width="844" height="869" frameX="0" frameY="0" frameWidth="870" frameHeight="869"/>
	<SubTexture name="CharlesRightNote0010" x="4278" y="1718" width="844" height="869" frameX="0" frameY="0" frameWidth="870" frameHeight="869"/>
	<SubTexture name="CharlesRightNote0011" x="4278" y="1718" width="844" height="869" frameX="0" frameY="0" frameWidth="870" frameHeight="869"/>
	<SubTexture name="CharlesRightNote0012" x="4278" y="1718" width="844" height="869" frameX="0" frameY="0" frameWidth="870" frameHeight="869"/>
	<SubTexture name="CharlesRightNote0013" x="4278" y="1718" width="844" height="869" frameX="0" frameY="0" frameWidth="870" frameHeight="869"/>
	<SubTexture name="CharlesUpNote0000" x="5966" y="1718" width="647" height="1153" frameX="0" frameY="0" frameWidth="695" frameHeight="1153"/>
	<SubTexture name="CharlesUpNote0001" x="6613" y="1718" width="647" height="1153" frameX="0" frameY="0" frameWidth="695" frameHeight="1153"/>
	<SubTexture name="CharlesUpNote0002" x="7260" y="1718" width="654" height="1140" frameX="-41" frameY="-13" frameWidth="695" frameHeight="1153"/>
	<SubTexture name="CharlesUpNote0003" x="0" y="2871" width="690" height="1140" frameX="-5" frameY="-13" frameWidth="695" frameHeight="1153"/>
	<SubTexture name="CharlesUpNote0004" x="690" y="2871" width="654" height="1138" frameX="-41" frameY="-15" frameWidth="695" frameHeight="1153"/>
	<SubTexture name="CharlesUpNote0005" x="1344" y="2871" width="654" height="1138" frameX="-41" frameY="-15" frameWidth="695" frameHeight="1153"/>
	<SubTexture name="CharlesUpNote0006" x="1998" y="2871" width="654" height="1140" frameX="-41" frameY="-13" frameWidth="695" frameHeight="1153"/>
	<SubTexture name="CharlesUpNote0007" x="2652" y="2871" width="654" height="1140" frameX="-41" frameY="-13" frameWidth="695" frameHeight="1153"/>
	<SubTexture name="CharlesUpNote0008" x="3306" y="2871" width="654" height="1137" frameX="-41" frameY="-16" frameWidth="695" frameHeight="1153"/>
	<SubTexture name="CharlesUpNote0009" x="3960" y="2871" width="693" height="1137" frameX="-2" frameY="-16" frameWidth="695" frameHeight="1153"/>
	<SubTexture name="CharlesUpNote0010" x="4653" y="2871" width="654" height="1140" frameX="-41" frameY="-13" frameWidth="695" frameHeight="1153"/>
	<SubTexture name="CharlesUpNote0011" x="5307" y="2871" width="654" height="1140" frameX="-41" frameY="-13" frameWidth="695" frameHeight="1153"/>
</TextureAtlas>
